App,JA3,Ciphers,Curves,Host,Sni,Subject
chrome,732EFDC6C8DDA7091320E557F44F8DF6,DADA0113021303132BC02FC02CC030C0,6A6A1D0017001800,safebrowsing.googleapis.com,content-autofill.googleapis.com,
chrome,06721B9BFCEC0BD2EAD1B153B601B88D,8A8A0113021303132BC02FC02CC030C0,3A3A1D0017001800,log-gateway.zoom.us,log-gateway.zoom.us,*.zoom.us
chrome,06D30AA55EB2BC423ACB23030C82CB81,8A8A0113021303132BC02FC02CC030C0,FAFA1D0017001800,rollout.ada.support,rollout.ada.support,
chrome,2EA1E90C11F05ABF54DDCA5AE49400D0,9A9A0113021303132BC02FC02CC030C0,3A3A1D0017001800,static.ada.support,static.ada.support,
chrome,2D6FBCE2EADA18054F57830C6BC9D8EE,EAEA0113021303132BC02FC02CC030C0,0A0A1D0017001800,static.ada.support,static.ada.support,
chrome,E48110B7B4EE94398D52D1AB89636EFD,CACA0113021303132BC02FC02CC030C0,BABA1D0017001800,us02web.zoom.us,us02web.zoom.us,
chrome,71F5E86CE066886DC52C7E61E662B95D,CACA0113021303132BC02FC02CC030C0,3A3A1D0017001800,geolocation.onetrust.com,geolocation.onetrust.com,
chrome,715D0F0636D0378D6410CAA589BCEB7B,0A0A0113021303132BC02FC02CC030C0,CACA1D0017001800,beacons.gvt2.com,beacons3.gvt2.com,
chrome,5452D5D304DE40755FE97CA1D4B3ABB9,4A4A0113021303132BC02FC02CC030C0,9A9A1D0017001800,google.com,google.com,
chrome,39B4211DB836AF2549DCB88243BEF08F,1A1A0113021303132BC02FC02CC030C0,0A0A1D0017001800,clients2.google.com,clients2.google.com,
chrome,5F6FFCC92B8F5BDAB3EFEF2CA16C3B95,2A2A0113021303132BC02FC02CC030C0,7A7A1D0017001800,c.go-mpulse.net,s.go-mpulse.net,akstat.io
chrome,090192A9377991A26A0834A70840D14F,FAFA0113021303132BC02FC02CC030C0,5A5A1D0017001800,c.go-mpulse.net,c.go-mpulse.net,akstat.io
chrome,147BE4A9F61C3997CB8955C538495119,BABA0113021303132BC02FC02CC030C0,6A6A1D0017001800,c.go-mpulse.net,c.go-mpulse.net,akstat.io
chrome,176534421F941D440AAEEBC8BAD44EB9,0A0A0113021303132BC02FC02CC030C0,DADA1D0017001800,fonts.googleapis.com,fonts.googleapis.com,
chrome,107093109816CCC0540D9A883D469A29,0A0A0113021303132BC02FC02CC030C0,BABA1D0017001800,www.amazon.science,matomo.cloudfront.similarweb.io,
chrome,965305B82240375E6007C0380E28C4F1,4A4A0113021303132BC02FC02CC030C0,FAFA1D0017001800,www.googletagmanager.com,www.googletagmanager.com,
chrome,BCF5D9C780CF84C8C48EAE28343A9680,7A7A0113021303132BC02FC02CC030C0,AAAA1D0017001800,cdnjs.cloudflare.com,cdnjs.cloudflare.com,
chrome,38D486619C025FC56C5B58A89D960630,EAEA0113021303132BC02FC02CC030C0,5A5A1D0017001800,dev.visualwebsiteoptimizer.com,dev.visualwebsiteoptimizer.com,
chrome,4B7C672E9FB72B6E213A8A78D7266A8C,FAFA0113021303132BC02FC02CC030C0,5A5A1D0017001800,static-us-west-2.similarcdn.com,static-us-west-2.similarcdn.com,
chrome,7C4932CCA062BE389E90C47305EDCFAD,6A6A0113021303132BC02FC02CC030C0,AAAA1D0017001800,lf16-tiktok-web.ttwstatic.com,www.similarweb.com,
chrome,BAA5739614E85B65A2C83903A4D013FA,DADA0113021303132BC02FC02CC030C0,7A7A1D0017001800,static-us-east-1.similarcdn.com,static-us-east-1.similarcdn.com,
chrome,FB2A52F5A03AC1472830FD05C8C4CDBE,0A0A0113021303132BC02FC02CC030C0,CACA1D0017001800,abs.twimg.com,abs.twimg.com,
chrome,29977984CC80CE07F9366B5E0BCCCC35,CACA0113021303132BC02FC02CC030C0,CACA1D0017001800,analytics.similarweb.com,analytics.similarweb.com,analytics.similarweb.com
chrome,828DA9889E79FB508A58B976CE662EC3,2A2A0113021303132BC02FC02CC030C0,AAAA1D0017001800,matomo.similarweb.io,matomo.similarweb.io,*.similarweb.io
chrome,555B2A75F4AB7E87E251639559BCCAA3,5A5A0113021303132BC02FC02CC030C0,6A6A1D0017001800,t.co,t.co,
chrome,9625ED142C711FD8F977BD17167A7199,4A4A0113021303132BC02FC02CC030C0,FAFA1D0017001800,video.twimg.com,video.twimg.com,
chrome,912BD9ABC5DF271F88FDB2220EDA98BF,CACA0113021303132BC02FC02CC030C0,8A8A1D0017001800,site-images.similarcdn.com,site-images.similarcdn.com,similarcdn.com
chrome,0D21B20D9CA32BC802FE1C409F2135CE,7A7A0113021303132BC02FC02CC030C0,6A6A1D0017001800,abs.twimg.com,abs.twimg.com,
chrome,C065C0E9D9BC85372C5DA9BFB98763A1,4A4A0113021303132BC02FC02CC030C0,9A9A1D0017001800,api.twitter.com,api.twitter.com,
chrome,13045B6307DAA181B7EFA00BCAFBC38E,DADA0113021303132BC02FC02CC030C0,8A8A1D0017001800,pbs.twimg.com,pbs.twimg.com,*.twimg.com
chrome,C9CC55D004A943EDF18D87116875EBDC,1A1A0113021303132BC02FC02CC030C0,7A7A1D0017001800,api.twitter.com,api.twitter.com,
chrome,0962331590631EEB046C138DFF39E21A,AAAA0113021303132BC02FC02CC030C0,CACA1D0017001800,twitter.com,twitter.com,
chrome,D6EBDAE9BB8DF7F27F3291412BC42956,FAFA0113021303132BC02FC02CC030C0,BABA1D0017001800,upload.wikimedia.org,upload.wikimedia.org,
chrome,6B0DAD7A0E00E8BDC8AD15DC2C73509D,9A9A0113021303132BC02FC02CC030C0,1A1A1D0017001800,en.wikipedia.org,wikipedia.org,
chrome,E2196F85FA0CCD946819A6DEC930E4FE,0A0A0113021303132BC02FC02CC030C0,DADA1D0017001800,accounts.google.com,accounts.google.com,
chrome,35313FAEEB8D756658B478A30210DCA0,6A6A0113021303132BC02FC02CC030C0,CACA1D0017001800,en.wikipedia.org,en.wikipedia.org,
chrome,0DF1B3D2570CA832E5340D873B3A006C,AAAA0113021303132BC02FC02CC030C0,5A5A1D0017001800,amazon.com,amazon.com,*.peg.a2z.com
chrome,F1822818C9C912AF79FB8033FA81428D,5A5A0113021303132BC02FC02CC030C0,CACA1D0017001800,fls-na.amazon.com,fls-na.amazon.com,fls-na.amazon.com
chrome,64CD5B8D44521AC28B93EC8E5B1E5336,0A0A0113021303132BC02FC02CC030C0,DADA1D0017001800,assoc-na.associates-amazon.com,assoc-na.associates-amazon.com,assoc-na.associates-amazon.com
chrome,A313657AA17878E66CF57D888062BD73,3A3A0113021303132BC02FC02CC030C0,6A6A1D0017001800,images-na.ssl-images-amazon.com,m.media-amazon.com,
chrome,6A7DBB19CD49D8B1149D6033170E6151,7A7A0113021303132BC02FC02CC030C0,1A1A1D0017001800,completion.amazon.com,completion.amazon.com,completion.amazon.com
chrome,783A0D4A28533A43998E0447CCCF06F4,8A8A0113021303132BC02FC02CC030C0,6A6A1D0017001800,x.bidswitch.net,x.bidswitch.net,*.bidswitch.net
chrome,89770313A59356B35AF7C34D208D439B,7A7A0113021303132BC02FC02CC030C0,1A1A1D0017001800,www.imdb.com,www.imdb.com,
chrome,8A1B00280D992225A37CB1259B1F0246,4A4A0113021303132BC02FC02CC030C0,1A1A1D0017001800,token.rubiconproject.com,pixel.rubiconproject.com,*.rubiconproject.com
chrome,9FF96E12E4A7A66E559ACA7694E92146,BABA0113021303132BC02FC02CC030C0,EAEA1D0017001800,t.myvisualiq.net,t.myvisualiq.net,*.myvisualiq.net
chrome,64DB1D3A09AE3A575F3795BC34751954,9A9A0113021303132BC02FC02CC030C0,EAEA1D0017001800,dpm.demdex.net,dpm.demdex.net,*.demdex.com
chrome,8FBB7C137A01352567CF5FE085462F98,0A0A0113021303132BC02FC02CC030C0,9A9A1D0017001800,sb.scorecardresearch.com,sb.scorecardresearch.com,
chrome,2C72E803EA4D01C9D82CFB49C34935F2,4A4A0113021303132BC02FC02CC030C0,CACA1D0017001800,tags.bluekai.com,tags.bluekai.com,
chrome,1B1EAF606AE894EC6816E916A3668CCC,4A4A0113021303132BC02FC02CC030C0,DADA1D0017001800,dr3fr5q4g2ul9.cloudfront.net,dr3fr5q4g2ul9.cloudfront.net,
chrome,A5F44B09FE60FDDE9246734EA66157EF,EAEA0113021303132BC02FC02CC030C0,CACA1D0017001800,d2ef20sk9hi1u3.cloudfront.net,d2ef20sk9hi1u3.cloudfront.net,
chrome,5F6F3CC1E1F5D3B17317BB6D595EEC37,AAAA0113021303132BC02FC02CC030C0,BABA1D0017001800,s.amazon-adsystem.com,s.amazon-adsystem.com,
chrome,3ECB771D6C093CE3CD8C3A65244A59D2,AAAA0113021303132BC02FC02CC030C0,5A5A1D0017001800,eb2.3lift.com,eb2.3lift.com,*.3lift.com
chrome,E716A578152BC3C288E340EAA4C03546,7A7A0113021303132BC02FC02CC030C0,7A7A1D0017001800,s.amazon-adsystem.com,s.amazon-adsystem.com,
chrome,BDB82C9A9405AB3D6304E4036B38DD78,9A9A0113021303132BC02FC02CC030C0,2A2A1D0017001800,images-na.ssl-images-amazon.com,m.media-amazon.com,
chrome,1C80A6A3A693529F75809668EEB31186,EAEA0113021303132BC02FC02CC030C0,1A1A1D0017001800,public-prod-dspcookiematching.dmxleo.com,public-prod-dspcookiematching.dmxleo.com,
chrome,18CDE6564917194F6C487151C36586D8,FAFA0113021303132BC02FC02CC030C0,3A3A1D0017001800,bs.serving-sys.com,bs.serving-sys.com,bs.serving-sys.com
chrome,593DC8B07B8096B85FF76E1A303A7A98,3A3A0113021303132BC02FC02CC030C0,4A4A1D0017001800,beacon.krxd.net,beacon.krxd.net,beacon.krxd.net
chrome,645DF6BE89081A18050117A4428DF4FA,2A2A0113021303132BC02FC02CC030C0,DADA1D0017001800,lf16-tiktok-web.ttwstatic.com,ads.stickyadstv.com,
chrome,99BABDC05FB7966C34D5B49D28B07692,6A6A0113021303132BC02FC02CC030C0,BABA1D0017001800,s.amazon-adsystem.com,s.amazon-adsystem.com,s.amazon-adsystem.com
chrome,DEAE3E834E2E6B1E5C53ACFB81960DE9,3A3A0113021303132BC02FC02CC030C0,8A8A1D0017001800,s.amazon-adsystem.com,s.amazon-adsystem.com,
chrome,FE60D3131B0C89690F2F78DFCCAB0451,7A7A0113021303132BC02FC02CC030C0,CACA1D0017001800,ads.samba.tv,ads.samba.tv,*.samba.tv
chrome,4A3CA20330A5428F8A45104FDDA95FE9,8A8A0113021303132BC02FC02CC030C0,4A4A1D0017001800,cms.analytics.yahoo.com,cms.analytics.yahoo.com,real.sp.analytics.yahoo.com
chrome,82C4BD8C3E77AB68A18B4DEA7AAF67B1,0A0A0113021303132BC02FC02CC030C0,8A8A1D0017001800,lf16-tiktok-web.ttwstatic.com,ads.stickyadstv.com,
chrome,E92E4095A72C09A99FB1AB136FC9FF75,FAFA0113021303132BC02FC02CC030C0,9A9A1D0017001800,odr.mookie1.com,odr.mookie1.com,
chrome,F099E8C2E295DE913EB0DAF50D1A0FCB,8A8A0113021303132BC02FC02CC030C0,8A8A1D0017001800,www.amazon.com,www.amazon.com,
chrome,7764F11BFB2F21A808A2D0C4030C5481,5A5A0113021303132BC02FC02CC030C0,0A0A1D0017001800,ssum-sec.casalemedia.com,dsum-sec.casalemedia.com,
chrome,BE09C9604FBBDA555809C568AE336DA7,0A0A0113021303132BC02FC02CC030C0,2A2A1D0017001800,lciapi.ninthdecimal.com,lciapi.ninthdecimal.com,*.ninthdecimal.com
chrome,0EDB5E9D454507D875645997F06D7954,6A6A0113021303132BC02FC02CC030C0,3A3A1D0017001800,rtb-csync.smartadserver.com,rtb-csync.smartadserver.com,
chrome,B2C89A4E46F7807E5487E996346B6432,2A2A0113021303132BC02FC02CC030C0,6A6A1D0017001800,us-u.openx.net,us-u.openx.net,
chrome,D62AE60FF5660D6BFE66D002DFE449F8,9A9A0113021303132BC02FC02CC030C0,6A6A1D0017001800,aa.agkn.com,aa.agkn.com,*.agkn.com
chrome,4ACBF4CED8AE6B2C73CF652826B53369,1A1A0113021303132BC02FC02CC030C0,AAAA1D0017001800,image2.pubmatic.com,image2.pubmatic.com,*.pubmatic.com
chrome,E31AF5EB5A05F939D954EE1B8A620537,7A7A0113021303132BC02FC02CC030C0,5A5A1D0017001800,pi.ispot.tv,pi.ispot.tv,
chrome,E73906C6409C743602E4C119AED12FD1,CACA0113021303132BC02FC02CC030C0,8A8A1D0017001800,sync.taboola.com,sync.taboola.com,*.taboola.com
chrome,295EC6374088BDFCBE93691B35AA11B1,3A3A0113021303132BC02FC02CC030C0,3A3A1D0017001800,usermatch.krxd.net,usermatch.krxd.net,usermatch.krxd.net
chrome,F4099C2B571C2497F97183E80672E6C2,0A0A0113021303132BC02FC02CC030C0,1A1A1D0017001800,match.360yield.com,match.360yield.com,*.360yield.com
chrome,A060541BCDC77F413901796D72CD4DE1,7A7A0113021303132BC02FC02CC030C0,BABA1D0017001800,loadus.exelator.com,loadus.exelator.com,*.exelator.com
chrome,4F10AE6881F8C5BB3FE0AE5E0A1CE72C,6A6A0113021303132BC02FC02CC030C0,CACA1D0017001800,amazon.partners.tremorhub.com,amazon.partners.tremorhub.com,*.tremorhub.com
chrome,78EDDB62B8782C03207CF3D539EE37FA,5A5A0113021303132BC02FC02CC030C0,8A8A1D0017001800,ups.analytics.yahoo.com,ups.analytics.yahoo.com,
chrome,CC13B9CB4623628E9B8454B7BB8E025F,7A7A0113021303132BC02FC02CC030C0,9A9A1D0017001800,usersync.samplicio.us,usersync.samplicio.us,*.samplicio.us
chrome,4FC41BB9B5C26E7B09D5BAD08DB8FC0D,8A8A0113021303132BC02FC02CC030C0,5A5A1D0017001800,cm.g.doubleclick.net,cm.g.doubleclick.net,
chrome,1F805D428C88213D6EE03861583AA472,8A8A0113021303132BC02FC02CC030C0,BABA1D0017001800,c1.adform.net,c1.adform.net,track.adform.net
chrome,705179F582FA24731A4E0B8E8C9461F5,4A4A0113021303132BC02FC02CC030C0,8A8A1D0017001800,sync.search.spotxchange.com,sync.search.spotxchange.com,*.search.spotxchange.com
chrome,703028C130368F9315849C3315EE97A7,7A7A0113021303132BC02FC02CC030C0,EAEA1D0017001800,s.amazon-adsystem.com,s.amazon-adsystem.com,
chrome,70E0BB8440D5B7A67E235D0C58C365AE,AAAA0113021303132BC02FC02CC030C0,9A9A1D0017001800,s.amazon-adsystem.com,s.amazon-adsystem.com,
chrome,70F8112AE44B19B35ADFA62EA6CDD2C3,EAEA0113021303132BC02FC02CC030C0,5A5A1D0017001800,token.rubiconproject.com,token.rubiconproject.com,*.rubiconproject.com
chrome,4B885FCB61ED4B99D866AC5EFC1A26B2,CACA0113021303132BC02FC02CC030C0,7A7A1D0017001800,image6.pubmatic.com,image6.pubmatic.com,*.pubmatic.com
chrome,AB9498C13E97D4C849B79D148FB1BA22,BABA0113021303132BC02FC02CC030C0,BABA1D0017001800,unagi-na.amazon.com,unagi-na.amazon.com,unagi-na.amazon.com
chrome,7A7132F1E40E389EF596D4A1FE74F08C,4A4A0113021303132BC02FC02CC030C0,1A1A1D0017001800,amazon.com,amazon.com,*.peg.a2z.com
chrome,D8C3129D7E842408A492F8B623BE31C9,DADA0113021303132BC02FC02CC030C0,EAEA1D0017001800,fls-na.amazon.com,fls-na.amazon.com,fls-na.amazon.com
chrome,34FE8D1702EAED08D925A70954C0EBEF,AAAA0113021303132BC02FC02CC030C0,7A7A1D0017001800,ib.adnxs.com,ib.adnxs.com,*.adnxs.com
chrome,E6929C88F5FE52F7925E87F525DD8A98,EAEA0113021303132BC02FC02CC030C0,3A3A1D0017001800,unagi-na.amazon.com,unagi-na.amazon.com,unagi-na.amazon.com
chrome,FD71780EA8818C13F9E23F9A75026D9E,5A5A0113021303132BC02FC02CC030C0,1A1A1D0017001800,unagi.amazon.com,unagi.amazon.com,unagi-na.amazon.com
chrome,913FEFCCF494DA68F2AEEBF36723C462,4A4A0113021303132BC02FC02CC030C0,3A3A1D0017001800,tiktok.com,tiktok.com,
chrome,E06F2C39D610BDB1E279E38C924B9008,2A2A0113021303132BC02FC02CC030C0,1A1A1D0017001800,tiktok.com,tiktok.com,
chrome,1C56F1DF780226F322997313B6BA5F6E,6A6A0113021303132BC02FC02CC030C0,CACA1D0017001800,v16-webapp-prime.tiktok.com,s20.tiktokcdn.com,
chrome,42E0ED224E68002777FE69A684BB73B9,9A9A0113021303132BC02FC02CC030C0,BABA1D0017001800,v16-webapp-prime.tiktok.com,s20.tiktokcdn.com,
chrome,BDB3DECD1A7B6A3B2272FA3E363C6DAA,7A7A0113021303132BC02FC02CC030C0,3A3A1D0017001800,p16-va.tiktokcdn.com,lf16-tiktok-common.ttwstatic.com,
chrome,BD37DE6AFB5FE751CD05FBB9FE5DDB0A,5A5A0113021303132BC02FC02CC030C0,8A8A1D0017001800,starling-oversea.byteoversea.com,starling-oversea.byteoversea.com,
chrome,DA2849DC48A0E1048182437079B76959,9A9A0113021303132BC02FC02CC030C0,8A8A1D0017001800,mcs-va.tiktokv.com,mcs-va.tiktokv.com,
chrome,8DEB881B249188CC688CD942A93DFEA3,5A5A0113021303132BC02FC02CC030C0,5A5A1D0017001800,vmweb-va.byteoversea.com,vmweb-va.byteoversea.com,
chrome,EE6E38B479248D76680DD8269F2733A3,4A4A0113021303132BC02FC02CC030C0,7A7A1D0017001800,vmweb-va.byteoversea.com,vmweb-va.byteoversea.com,
chrome,9B83E3AC0BD1D1E8B62FC7B849CB1DD6,BABA0113021303132BC02FC02CC030C0,3A3A1D0017001800,img-s-msn-com.akamaized.net,sf16-sg.tiktokcdn.com,
chrome,1C1A99E23230939183FADE37D23EF421,BABA0113021303132BC02FC02CC030C0,1A1A1D0017001800,m.tiktok.com,mon-va.byteoversea.com,
chrome,25862632BAB85F4E49DC1C923AB25849,4A4A0113021303132BC02FC02CC030C0,4A4A1D0017001800,,mcs-va.tiktok.com,
chrome,65BFA63EA17D2B3E007C64FDFF2949C9,1A1A0113021303132BC02FC02CC030C0,8A8A1D0017001800,p77-sign-sg.tiktokcdn.com,p77-sign-sg.tiktokcdn.com,
chrome,B4B6E0AAEE2F059D92CFD58B8215AAB5,0A0A0113021303132BC02FC02CC030C0,AAAA1D0017001800,img-s-msn-com.akamaized.net,lf16-tiktok-web.ttwstatic.com,
chrome,C6D445438624EFA546E04B5A56A05140,BABA0113021303132BC02FC02CC030C0,1A1A1D0017001800,img-s-msn-com.akamaized.net,lf16-tiktok-common.ibytedtos.com,
chrome,BF6A556B344D2255DC41038E9752C83E,4A4A0113021303132BC02FC02CC030C0,6A6A1D0017001800,m.tiktok.com,www.tiktok.com,
chrome,B34557D8915A56CFF8ED3F9857D768B3,8A8A0113021303132BC02FC02CC030C0,FAFA1D0017001800,mcs-va.tiktokv.com,mcs-va.tiktokv.com,
chrome,A58CE54EB4D8A7C12AB27B27B78DFB42,4A4A0113021303132BC02FC02CC030C0,FAFA1D0017001800,mcs-va.tiktokv.com,mcs-va.tiktokv.com,
chrome,53BC531BBD9D44A9A662898CB3FA011A,4A4A0113021303132BC02FC02CC030C0,6A6A1D0017001800,,p16-sign-va.tiktokcdn.com,
chrome,3087A22AB7DE3AAD7ABAC67FD44038F4,AAAA0113021303132BC02FC02CC030C0,DADA1D0017001800,p77-sign-sg.tiktokcdn.com,p77-sign-va.tiktokcdn.com,
chrome,835C848E911635DDC736974DE4583FC1,6A6A0113021303132BC02FC02CC030C0,4A4A1D0017001800,m.tiktok.com,sf16-website-login.neutral.ttwstatic.com,
chrome,BD7B6AD1568F03D62411D4DA4432EE1E,EAEA0113021303132BC02FC02CC030C0,DADA1D0017001800,firebaseinstallations.googleapis.com,firebaseinstallations.googleapis.com,
chrome,B9EE24C612E6B641FEF28415C903558A,9A9A0113021303132BC02FC02CC030C0,EAEA1D0017001800,m.tiktok.com,sf16-website-login.neutral.ttwstatic.com,
chrome,2AB00CF9BD09351C8813B5A884F6CD65,1A1A0113021303132BC02FC02CC030C0,DADA1D0017001800,storage.googleapis.com,storage.googleapis.com,
chrome,40A818279B6463E4F5ADCDAC73000603,4A4A0113021303132BC02FC02CC030C0,3A3A1D0017001800,p16-sign.tiktokcdn-us.com,p16-sign.tiktokcdn-us.com,
chrome,A179017B4312BBB5B35C4F534578C4BD,CACA0113021303132BC02FC02CC030C0,2A2A1D0017001800,mssdk-va.tiktok.com,mssdk-va.tiktok.com,
chrome,EA441576E9E974185C64EEEF296F2F70,6A6A0113021303132BC02FC02CC030C0,6A6A1D0017001800,,mcs-va.tiktok.com,
chrome,BA610C6F1CCD54A6D2D23088623D6989,0A0A0113021303132BC02FC02CC030C0,BABA1D0017001800,m.tiktok.com,www.tiktok.com,
chrome,DE7CD2DE4D92F2B765327A9469E0E775,4A4A0113021303132BC02FC02CC030C0,7A7A1D0017001800,m.tiktok.com,mon-va.byteoversea.com,
chrome,2E321E7908DD73B499C5DBF0B006E9F8,CACA0113021303132BC02FC02CC030C0,FAFA1D0017001800,quora.com,quora.com,quora.com
chrome,74ABF7EF8B6F97924D08EA28EEFCD43A,1A1A0113021303132BC02FC02CC030C0,DADA1D0017001800,quora.com,quora.com,quora.com
chrome,520287D86791D6DAAA2237D14E21A882,7A7A0113021303132BC02FC02CC030C0,CACA1D0017001800,www.quora.com,www.quora.com,
chrome,5908521C99E41B20C917197D3E9C762F,6A6A0113021303132BC02FC02CC030C0,1A1A1D0017001800,tch806882.tch.quora.com,tch806882.tch.quora.com,*.tch.quora.com
chrome,C7E66EA9AEFDC772A27DF7A4C7C3A1EB,9A9A0113021303132BC02FC02CC030C0,AAAA1D0017001800,connect.facebook.net,connect.facebook.net,
chrome,DCF7CAAC2EA928B5C31CD560104756C8,8A8A0113021303132BC02FC02CC030C0,0A0A1D0017001800,beacons4.gvt2.com,beacons4.gvt2.com,
chrome,36D6057D54825DC75341C25CD05E0AE9,EAEA0113021303132BC02FC02CC030C0,5A5A1D0017001800,gmail.com,gmail.com,
chrome,3CE9542518D71E8A25380AE4F1E9C24B,3A3A0113021303132BC02FC02CC030C0,BABA1D0017001800,encrypted-tbn0.gstatic.com,clients2.google.com,
chrome,4496DF37D89A71BC2BE747005EAF0162,EAEA0113021303132BC02FC02CC030C0,7A7A1D0017001800,mail-ads.google.com,mail-ads.google.com,
chrome,2D00ABA212EACC0BF6D1BFA8BA95AE6E,BABA0113021303132BC02FC02CC030C0,BABA1D0017001800,people-pa.clients6.google.com,peoplestackwebexperiments-pa.clients6.google.com,
chrome,249AB67B955DC6E3641D0E42A41AEDA7,7A7A0113021303132BC02FC02CC030C0,6A6A1D0017001800,people-pa.clients6.google.com,peoplestackwebexperiments-pa.clients6.google.com,
chrome,F3AABB841E145CE7BC67FC6E2BF992EA,8A8A0113021303132BC02FC02CC030C0,0A0A1D0017001800,safebrowsing.googleapis.com,signaler-pa.clients6.google.com,
chrome,DD5A7FF2379BD08D3FEAD90E97279684,1A1A0113021303132BC02FC02CC030C0,4A4A1D0017001800,safebrowsing.googleapis.com,signaler-pa.clients6.google.com,
chrome,75F3B865D0F5C5382C574759941C68B5,0A0A0113021303132BC02FC02CC030C0,BABA1D0017001800,lh5.googleusercontent.com,lh3.googleusercontent.com,
chrome,6C1D10A0C68254429BA1C6C3D899407C,4A4A0113021303132BC02FC02CC030C0,4A4A1D0017001800,fonts.googleapis.com,addons-pa.clients6.google.com,
chrome,8B38927DBA9BC4138ACB76E3609776D8,8A8A0113021303132BC02FC02CC030C0,AAAA1D0017001800,fonts.googleapis.com,addons-pa.clients6.google.com,
chrome,61AA71C5E9E3B40B4E640748937D07F6,2A2A0113021303132BC02FC02CC030C0,8A8A1D0017001800,mail-ads.google.com,mail-ads.google.com,
chrome,83C06EA6996EE4E49BB8DB7D3D3E8B9E,DADA0113021303132BC02FC02CC030C0,4A4A1D0017001800,lh5.googleusercontent.com,lh3.googleusercontent.com,
chrome,498B6D9FB47DE2EA840BB73CA899C21F,0A0A0113021303132BC02FC02CC030C0,7A7A1D0017001800,googleads.g.doubleclick.net,googleads.g.doubleclick.net,
chrome,8E37880C50FF3F89C7E3D8B5E146ED92,AAAA0113021303132BC02FC02CC030C0,2A2A1D0017001800,safebrowsing.googleapis.com,content.googleapis.com,
chrome,8D2B81D76BB069F117D12A8492294EF6,7A7A0113021303132BC02FC02CC030C0,2A2A1D0017001800,www.google.com,www.google.com,
chrome,2D6D5690BB89139EAE8FAFB7AD0546F3,CACA0113021303132BC02FC02CC030C0,BABA1D0017001800,mail.google.com,mail.google.com,
chrome,D34FD2BA4168EF70C317F52F4949B081,FAFA0113021303132BC02FC02CC030C0,EAEA1D0017001800,www.google-analytics.com,consent.google.com,
chrome,52A126427CEC96745B1AC51B63B3EB0B,8A8A0113021303132BC02FC02CC030C0,3A3A1D0017001800,onedrive.live.com,onedrive.live.com,onedrive.com
chrome,5FE7DCCDA6FF32D8FD3590AB82D4FBF8,2A2A0113021303132BC02FC02CC030C0,CACA1D0017001800,res-1.cdn.office.net,res-1.cdn.office.net,
chrome,E3A2279D120E4F927B21AB30E02D003E,1A1A0113021303132BC02FC02CC030C0,2A2A1D0017001800,mem.gfx.ms,wcpstatic.microsoft.com,wcpstatic.microsoft.com
chrome,69A0482DFCE7D7EAFCE6436F54941DAB,CACA0113021303132BC02FC02CC030C0,8A8A1D0017001800,acctcdnmsftuswe2.azureedge.net,mem.gfx.ms,identitycdn.msauth.net
chrome,0B210E46DB466EA26760116D1CA228D5,5A5A0113021303132BC02FC02CC030C0,CACA1D0017001800,res-1.cdn.office.net,res-1.cdn.office.net,
chrome,54ED9E6F561DE1030BF15276387D78F6,BABA0113021303132BC02FC02CC030C0,4A4A1D0017001800,www.microsoft.com,www.microsoft.com,
chrome,144A28BAB63D3435E6ADAFD0004ED24F,8A8A0113021303132BC02FC02CC030C0,7A7A1D0017001800,img-prod-cms-rt-microsoft-com.akamaized.net,img-prod-cms-rt-microsoft-com.akamaized.net,a248.e.akamai.net
chrome,13FCB00FA6506659EF918D515353F8A6,BABA0113021303132BC02FC02CC030C0,1A1A1D0017001800,ajax.aspnetcdn.com,ajax.aspnetcdn.com,
chrome,636291846223C2D1FBE65DDB8773902A,0A0A0113021303132BC02FC02CC030C0,BABA1D0017001800,acctcdnmsftuswe2.azureedge.net,js.monitor.azure.com,js.monitor.azure.com
chrome,EF285A8F3DFD0CB6D3A08171014919E0,FAFA0113021303132BC02FC02CC030C0,AAAA1D0017001800,img-prod-cms-rt-microsoft-com.akamaized.net,statics-marketingsites-wcus-ms-com.akamaized.net,a248.e.akamai.net
chrome,73325304534731FFB672B3420543630C,1A1A0113021303132BC02FC02CC030C0,0A0A1D0017001800,www.microsoft.com,www.microsoft.com,
chrome,EA6570F1434FA7C3857CE85B7A4B02AE,4A4A0113021303132BC02FC02CC030C0,7A7A1D0017001800,cdn.odc.officeapps.live.com,cdn.odc.officeapps.live.com,
chrome,4643CC455A16BDE38FDB25792B5FD4E8,4A4A0113021303132BC02FC02CC030C0,5A5A1D0017001800,p.sfx.ms,p.sfx.ms,onedrive.com
chrome,DB0C51B7D136B7BD6A908155DBA14E72,3A3A0113021303132BC02FC02CC030C0,2A2A1D0017001800,gmail.com,gmail.com,
chrome,ABBA3A3692DE0D2BC96E83F4EECC0847,AAAA0113021303132BC02FC02CC030C0,DADA1D0017001800,mail.google.com,mail.google.com,
chrome,7A36A490CA67F9CA78F14FAA14BC7E8C,8A8A0113021303132BC02FC02CC030C0,5A5A1D0017001800,logincdn.msftauth.net,logincdn.msftauth.net,
chrome,334B9F39D14F78A99F35EA358ADFB29A,5A5A0113021303132BC02FC02CC030C0,7A7A1D0017001800,acctcdn.msauth.net,acctcdn.msftauth.net,
chrome,E4CBEBAFFD264357A9A69E20AA6E8BF3,AAAA0113021303132BC02FC02CC030C0,6A6A1D0017001800,onedrive.live.com,onedrive.live.com,onedrive.com
chrome,784D16CBA24849694C9DE704FFFAD60B,DADA0113021303132BC02FC02CC030C0,0A0A1D0017001800,logincdn.msftauth.net,logincdn.msftauth.net,
chrome,D09BBB1CDB2025B2A87CF83DF67EFC31,0A0A0113021303132BC02FC02CC030C0,9A9A1D0017001800,login.live.com,login.live.com,login.live.com
chrome,CFCB7624E4F293A77F5A7C69336A7A63,2A2A0113021303132BC02FC02CC030C0,9A9A1D0017001800,login.live.com,login.live.com,login.live.com
chrome,0685FA7E680995E062D32CC10E8B9465,4A4A0113021303132BC02FC02CC030C0,4A4A1D0017001800,modernb.akamai.odsp.cdn.office.net,modernb.akamai.odsp.cdn.office.net,
chrome,D45834AA95ADB95F6B727F6E218485A2,AAAA0113021303132BC02FC02CC030C0,7A7A1D0017001800,browser.pipe.aria.microsoft.com,browser.pipe.aria.microsoft.com,*.events.data.microsoft.com
chrome,8F286ED57538C09700BF3A3329B6E999,EAEA0113021303132BC02FC02CC030C0,6A6A1D0017001800,c1-onenote-15.cdn.office.net,c1-word-edit-15.cdn.office.net,
chrome,4C17678876ED5E51C775A7845528CF64,6A6A0113021303132BC02FC02CC030C0,5A5A1D0017001800,odc.officeapps.live.com,odc.officeapps.live.com,odc.officeapps.live.com
chrome,0C9F9DF8367237A5EA683FF1F930BD0E,0A0A0113021303132BC02FC02CC030C0,7A7A1D0017001800,c1-onenote-15.cdn.office.net,c1-word-edit-15.cdn.office.net,
chrome,B39C0BAB8D3DF9C6A626D6C734181662,8A8A0113021303132BC02FC02CC030C0,1A1A1D0017001800,c1-onenote-15.cdn.office.net,c1-word-view-15.cdn.office.net,
chrome,F2B3E25B871654DF32CA0176A69B4237,0A0A0113021303132BC02FC02CC030C0,7A7A1D0017001800,c1-onenote-15.cdn.office.net,c1-word-view-15.cdn.office.net,
chrome,717362868AE9A7D1C68B750DBE57538B,7A7A0113021303132BC02FC02CC030C0,3A3A1D0017001800,c1-onenote-15.cdn.office.net,c1-word-view-15.cdn.office.net,
chrome,6C75A50AB31FFF1ED0F660C6E328320D,5A5A0113021303132BC02FC02CC030C0,CACA1D0017001800,c1-onenote-15.cdn.office.net,c1-word-edit-15.cdn.office.net,
chrome,C87969DB468D1623506F9981E0948FEC,CACA0113021303132BC02FC02CC030C0,EAEA1D0017001800,acctcdn.msauth.net,acctcdn.msauth.net,
chrome,17E54FFC1A6E2AF9D62D4F631337F60E,2A2A0113021303132BC02FC02CC030C0,BABA1D0017001800,encrypted-tbn0.gstatic.com,apis.google.com,
chrome,5E66F94C3811C27F95474F1CB244C6CE,5A5A0113021303132BC02FC02CC030C0,0A0A1D0017001800,c1-onenote-15.cdn.office.net,c1-onenote-15.cdn.office.net,
chrome,50076E34EECDA7E4C29ABAEC6B59130F,FAFA0113021303132BC02FC02CC030C0,3A3A1D0017001800,c1-onenote-15.cdn.office.net,c1-word-view-15.cdn.office.net,
chrome,918284CCD007E1A913629B60F54886E3,8A8A0113021303132BC02FC02CC030C0,AAAA1D0017001800,c1-onenote-15.cdn.office.net,c1-word-edit-15.cdn.office.net,
chrome,CAA84B55D0468C09FAB14BF6D50E26C0,9A9A0113021303132BC02FC02CC030C0,1A1A1D0017001800,c1-onenote-15.cdn.office.net,c1-powerpoint-15.cdn.office.net,
chrome,0765EEE49242AD9523EA92786D0429B8,BABA0113021303132BC02FC02CC030C0,8A8A1D0017001800,c1-onenote-15.cdn.office.net,c1-powerpoint-15.cdn.office.net,
chrome,19B6B9897C9436F53E879A4D46898A0A,6A6A0113021303132BC02FC02CC030C0,7A7A1D0017001800,c1-onenote-15.cdn.office.net,c1-word-edit-15.cdn.office.net,
chrome,23A12A373BB4A8C387A57B15148B9DD0,DADA0113021303132BC02FC02CC030C0,2A2A1D0017001800,c1-onenote-15.cdn.office.net,c1-officeapps-15.cdn.office.net,
chrome,5257F0BBAFE9788ABB1A5C59B0B6D9D8,4A4A0113021303132BC02FC02CC030C0,3A3A1D0017001800,c1h-excel-15.cdn.office.net,c1h-word-view-15.cdn.office.net,
chrome,BA2CB1F2A6404AD022D919E4086DE0FE,4A4A0113021303132BC02FC02CC030C0,4A4A1D0017001800,c1-onenote-15.cdn.office.net,c1-officeapps-15.cdn.office.net,
chrome,8ED00D1DB46CDC46E3D7E7AB3285FF74,CACA0113021303132BC02FC02CC030C0,3A3A1D0017001800,c1-onenote-15.cdn.office.net,c1-officeapps-15.cdn.office.net,
chrome,E15F025A4D8683CBDA807C7C5FB66999,AAAA0113021303132BC02FC02CC030C0,3A3A1D0017001800,c1-onenote-15.cdn.office.net,c1-powerpoint-15.cdn.office.net,
chrome,EF4D344891444EDC8BC7D0EA2F8B2BEB,CACA0113021303132BC02FC02CC030C0,FAFA1D0017001800,c1-onenote-15.cdn.office.net,c1-word-edit-15.cdn.office.net,
chrome,C02676C372FCB6AF2D4E82CB1279158A,1A1A0113021303132BC02FC02CC030C0,BABA1D0017001800,c1-onenote-15.cdn.office.net,c1-powerpoint-15.cdn.office.net,
chrome,88804EC731D4C22E31B10EBBE4986CE6,2A2A0113021303132BC02FC02CC030C0,2A2A1D0017001800,c1-onenote-15.cdn.office.net,c1-officeapps-15.cdn.office.net,
chrome,7F0518AC518522178907A6638007C799,BABA0113021303132BC02FC02CC030C0,4A4A1D0017001800,c1-onenote-15.cdn.office.net,c1-onenote-15.cdn.office.net,
chrome,B730467798C54CBEABB9E2D22C2D1434,AAAA0113021303132BC02FC02CC030C0,8A8A1D0017001800,c1-onenote-15.cdn.office.net,c1-powerpoint-15.cdn.office.net,
chrome,5E5F195CC7219CEB4DCA375362FB8061,AAAA0113021303132BC02FC02CC030C0,3A3A1D0017001800,c1-onenote-15.cdn.office.net,c1-onenote-15.cdn.office.net,
chrome,F5121C1C13BF0C858ADF1FE9CC4147B0,3A3A0113021303132BC02FC02CC030C0,0A0A1D0017001800,c1-onenote-15.cdn.office.net,c1-onenote-15.cdn.office.net,
chrome,1D9A4E31A7B15BF8FA77C5CD458D1B6E,8A8A0113021303132BC02FC02CC030C0,AAAA1D0017001800,c1-onenote-15.cdn.office.net,c1-onenote-15.cdn.office.net,
chrome,9AEAFA14DAFF81C3495541C355017B1B,9A9A0113021303132BC02FC02CC030C0,EAEA1D0017001800,c1-onenote-15.cdn.office.net,c1-powerpoint-15.cdn.office.net,
chrome,1ACD2F00F50DB9613DCC2027997A720A,5A5A0113021303132BC02FC02CC030C0,5A5A1D0017001800,c1-onenote-15.cdn.office.net,c1-onenote-15.cdn.office.net,
chrome,1BEE4F7BA4B4CE25F01C6011AE226281,DADA0113021303132BC02FC02CC030C0,0A0A1D0017001800,unagi.amazon.com,unagi.amazon.com,unagi-na.amazon.com
chrome,CEAA4FFF4A37E3B1FE678E41011692FA,2A2A0113021303132BC02FC02CC030C0,1A1A1D0017001800,exo.nel.measure.office.net,powerpointonline.nelsdf.measure.office.net,
chrome,C0563B0823E42396EC17FB642C88FD0C,BABA0113021303132BC02FC02CC030C0,CACA1D0017001800,shellprod.msocdn.com,shellprod.msocdn.com,
chrome,79C9628ED244A4B1AF68F029AE393E9F,EAEA0113021303132BC02FC02CC030C0,1A1A1D0017001800,ecs.office.com,ecs.office.com,ecs.office.com
chrome,C3B87838B94529F986FFB596B6C817CF,CACA0113021303132BC02FC02CC030C0,AAAA1D0017001800,config.edge.skype.com,config.edge.skype.com,*.config.skype.com
chrome,F039D925F0B8C2E7E5BB47F9116FCE3C,6A6A0113021303132BC02FC02CC030C0,BABA1D0017001800,westeurope1-0.pushnp.svc.ms,westeurope1-0.pushnp.svc.ms,
chrome,EBFC0A23885B1394AF48D81A400BE4F2,4A4A0113021303132BC02FC02CC030C0,AAAA1D0017001800,modernb.akamai.odsp.cdn.office.net,modernb.akamai.odsp.cdn.office.net,
chrome,1D2732E968EDA4AF7F8211BDB70B82CB,CACA0113021303132BC02FC02CC030C0,9A9A1D0017001800,skyapi.onedrive.live.com,skyapi.onedrive.live.com,storage.live.com
chrome,9846F79DFD297230C1F05535F995A370,FAFA0113021303132BC02FC02CC030C0,6A6A1D0017001800,config.edge.skype.com,content.lifecycle.office.net,content.lifecycle.office.net
chrome,4E0C2FA0A8D5E90873AF0DA45736B934,3A3A0113021303132BC02FC02CC030C0,FAFA1D0017001800,config.edge.skype.com,content.lifecycle.office.net,content.lifecycle.office.net
chrome,855D6D8B2477E57B62337D0C75B6962F,BABA0113021303132BC02FC02CC030C0,5A5A1D0017001800,api.onedrive.com,api.onedrive.com,storage.live.com
chrome,B415B828DF6C015EB0E368D0956F6E65,BABA0113021303132BC02FC02CC030C0,5A5A1D0017001800,browser.events.data.microsoft.com,browser.events.data.microsoft.com,*.events.data.microsoft.com
chrome,EEDACAC9C11331943AB4F23CFF65EC74,8A8A0113021303132BC02FC02CC030C0,1A1A1D0017001800,outlook.com,outlook.com,outlook.com
chrome,D7573F4E166E5CA2D2D3B25717674A41,4A4A0113021303132BC02FC02CC030C0,EAEA1D0017001800,outlook.live.com,outlook.live.com,
chrome,5E29F3D8F8CDE9012C41315348534297,8A8A0113021303132BC02FC02CC030C0,5A5A1D0017001800,browser.pipe.aria.microsoft.com,browser.pipe.aria.microsoft.com,*.events.data.microsoft.com
chrome,8408D75D8E27AF105ED47E4C5DFAC77C,0A0A0113021303132BC02FC02CC030C0,FAFA1D0017001800,browser.events.data.microsoft.com,browser.events.data.microsoft.com,*.events.data.microsoft.com
chrome,AFD80DD67EC281460DF7790FDD44C49C,2A2A0113021303132BC02FC02CC030C0,9A9A1D0017001800,amcdn.msftauth.net,amcdn.msftauth.net,identitycdn.msauth.net
chrome,B53DD0967C9F10E1D5CD1769CC0154DA,0A0A0113021303132BC02FC02CC030C0,BABA1D0017001800,cdn.adnxs.com,acdn.adnxs.com,cdn.adnxs.com
chrome,0FEB1F4E86A159E46E99E9B5E3E6C308,6A6A0113021303132BC02FC02CC030C0,CACA1D0017001800,eu-office.events.data.microsoft.com,eu-office.events.data.microsoft.com,*.events.data.microsoft.com
chrome,36C091D22D1DA0D4C041B70957DC4115,FAFA0113021303132BC02FC02CC030C0,EAEA1D0017001800,mem.gfx.ms,csp.microsoft.com,csp.microsoft.com
chrome,0725142D1362D42138354D3D806B83DC,7A7A0113021303132BC02FC02CC030C0,0A0A1D0017001800,c.live.com,c.live.com,c.msn.com
chrome,BC976A08DDAD37C90A814D75268736B3,5A5A0113021303132BC02FC02CC030C0,1A1A1D0017001800,skyapi.onedrive.live.com,storage.live.com,storage.live.com
chrome,3B0A02829F9BF7B9BCA851DA6D04A440,9A9A0113021303132BC02FC02CC030C0,8A8A1D0017001800,c.bing.com,c.bing.com,www.bing.com
chrome,C4A39E5AB4B042CAEBB0A2165492F90E,CACA0113021303132BC02FC02CC030C0,2A2A1D0017001800,tlx.3lift.com,tlx.3lift.com,*.3lift.com
chrome,B7B395C6779E5390BCB0C34C9DEF648D,5A5A0113021303132BC02FC02CC030C0,1A1A1D0017001800,browser.events.data.microsoft.com,browser.events.data.microsoft.com,*.events.data.microsoft.com
chrome,783F961BFBAB713705E7075A44A754B5,FAFA0113021303132BC02FC02CC030C0,8A8A1D0017001800,cdn.adnxs.com,cdn.adnxs.com,cdn.adnxs.com
chrome,D9EE21F4CDBBBB4D8BFEB3BCACC288B6,AAAA0113021303132BC02FC02CC030C0,7A7A1D0017001800,eb2.3lift.com,eb2.3lift.com,*.3lift.com
chrome,1DA773EE0CFBB490D2A117B1C6B5B87D,2A2A0113021303132BC02FC02CC030C0,EAEA1D0017001800,browser.events.data.microsoft.com,browser.events.data.microsoft.com,*.events.data.microsoft.com
chrome,2A45B18959F5AAE4E528ADB5231292D3,4A4A0113021303132BC02FC02CC030C0,AAAA1D0017001800,arc.msn.com,arc.msn.com,arc.msn.com
chrome,66F0F559610AD9E614AEDA6B2C108599,0A0A0113021303132BC02FC02CC030C0,6A6A1D0017001800,attachment.outlook.live.net,outlook.office365.com,outlook.com
chrome,106661ACE74DE32F8059564D49526F65,EAEA0113021303132BC02FC02CC030C0,7A7A1D0017001800,attachment.outlook.live.net,attachment.outlook.live.net,
chrome,7D263A2CE268C54111B17F5190DBAD1E,0A0A0113021303132BC02FC02CC030C0,2A2A1D0017001800,eu-office.events.data.microsoft.com,eu-office.events.data.microsoft.com,*.events.data.microsoft.com
chrome,722D848601E6938EDD8550662D8E064E,3A3A0113021303132BC02FC02CC030C0,7A7A1D0017001800,eur.loki.delve.office.com,loki.delve.office.com,loki.delve.office.com
chrome,F25A618F626E85B07AE116073555B1EE,CACA0113021303132BC02FC02CC030C0,7A7A1D0017001800,eu-mobile.events.data.microsoft.com,eu-mobile.events.data.microsoft.com,*.events.data.microsoft.com
chrome,17D89E4AB958F5700B42690BA6442B36,BABA0113021303132BC02FC02CC030C0,1A1A1D0017001800,m.adnxs.com,m.adnxs.com,*.adnxs.com
chrome,B2BE1247DC3226DFDC82EDED057A8C04,9A9A0113021303132BC02FC02CC030C0,DADA1D0017001800,static2.sharepointonline.com,static2.sharepointonline.com,
chrome,99CF36D430946BA40F0C31C511EE2955,FAFA0113021303132BC02FC02CC030C0,0A0A1D0017001800,ams3-ib.adnxs.com,ams3-ib.adnxs.com,*.adnxs.com
chrome,69F4C20ECC0F4F9CC9A0E5E64AB4E10E,DADA0113021303132BC02FC02CC030C0,AAAA1D0017001800,eu-office.events.data.microsoft.com,eu-office.events.data.microsoft.com,*.events.data.microsoft.com
chrome,827811A72E5CDC252BB0FCB71B62425E,3A3A0113021303132BC02FC02CC030C0,7A7A1D0017001800,ris.api.iris.microsoft.com,ris.api.iris.microsoft.com,ris.api.iris.microsoft.com
chrome,E4F43C24343972DADE98DDEF0059A585,CACA0113021303132BC02FC02CC030C0,0A0A1D0017001800,ams3-ib.adnxs.com,ams3-ib.adnxs.com,
chrome,D5DDDF604AC23609DFD8AF57544039C9,2A2A0113021303132BC02FC02CC030C0,4A4A1D0017001800,eu-office.events.data.microsoft.com,eu-office.events.data.microsoft.com,*.events.data.microsoft.com
chrome,BC359ACAAC8A395FC338044C8EE42B29,4A4A0113021303132BC02FC02CC030C0,FAFA1D0017001800,m.adnxs.com,m.adnxs.com,*.adnxs.com
chrome,0D1C6780FDFB049756C28086A9C42CEB,6A6A0113021303132BC02FC02CC030C0,AAAA1D0017001800,outlook.live.com,outlook.live.com,
chrome,8B7D715650FF9832474B0221A3E7D813,DADA0113021303132BC02FC02CC030C0,8A8A1D0017001800,beacons2.gvt2.com,beacons2.gvt2.com,
chrome,095FD337171ED37AA0FC1C5178B1F563,AAAA0113021303132BC02FC02CC030C0,FAFA1D0017001800,eu-office.events.data.microsoft.com,eu-office.events.data.microsoft.com,*.events.data.microsoft.com
chrome,EDDA32FBE5255A872C12CC094D8A58FE,4A4A0113021303132BC02FC02CC030C0,EAEA1D0017001800,booking.cz,booking.com,
chrome,DC39F553EE07296F84F9C1E92BB00E3D,9A9A0113021303132BC02FC02CC030C0,FAFA1D0017001800,booking.cz,booking.com,
chrome,22D0394454599D0FE0D51A859F183308,9A9A0113021303132BC02FC02CC030C0,DADA1D0017001800,cdn.cookielaw.org,cdn.cookielaw.org,
chrome,B526D46B8C82F7E5AD84FC202986EE69,6A6A0113021303132BC02FC02CC030C0,BABA1D0017001800,cdn.cookielaw.org,cdn.cookielaw.org,
chrome,7C329A4F9839E06F192681000017061E,6A6A0113021303132BC02FC02CC030C0,BABA1D0017001800,shelves.booking.com,shelves.booking.com,
chrome,D3CBB10286923223C215F0403D6DD0B0,3A3A0113021303132BC02FC02CC030C0,AAAA1D0017001800,eur.loki.delve.office.com,eur.loki.delve.office.com,loki.delve.office.com
chrome,E9B2B6515FC151CB72BD3EEADD62909F,CACA0113021303132BC02FC02CC030C0,4A4A1D0017001800,eu-office.events.data.microsoft.com,eu-office.events.data.microsoft.com,*.events.data.microsoft.com
chrome,B771F617ADB29DF9349F2206E2E1FC64,BABA0113021303132BC02FC02CC030C0,4A4A1D0017001800,cf.bstatic.com,cf.bstatic.com,
chrome,B3804CB892E8768A9A5BAAB8426459B4,9A9A0113021303132BC02FC02CC030C0,9A9A1D0017001800,eu-office.events.data.microsoft.com,eu-office.events.data.microsoft.com,*.events.data.microsoft.com
chrome,AA3FA8C74E8D64D2CB75E6031200AFF6,7A7A0113021303132BC02FC02CC030C0,BABA1D0017001800,eu-office.events.data.microsoft.com,eu-office.events.data.microsoft.com,*.events.data.microsoft.com
chrome,D2E06D2C51975FC4B55326D0446EA60F,9A9A0113021303132BC02FC02CC030C0,6A6A1D0017001800,collector-pxikkul2rm.px-cloud.net,collector-pxikkul2rm.px-cloud.net,
chrome,84CCA2DCC48CC821D444EB7B7F0A3BC1,BABA0113021303132BC02FC02CC030C0,CACA1D0017001800,t-cf.bstatic.com,t-cf.bstatic.com,
chrome,EAAEA278BC37A2E275C1609AE0905938,0A0A0113021303132BC02FC02CC030C0,0A0A1D0017001800,geolocation.onetrust.com,geolocation.onetrust.com,
chrome,1060250206B4D4E1486A88F9B03AE002,5A5A0113021303132BC02FC02CC030C0,DADA1D0017001800,account.booking.com,account.booking.com,
chrome,D98F61105EBC442BC53F2CA80B3EB9AD,6A6A0113021303132BC02FC02CC030C0,8A8A1D0017001800,www.google.cz,www.gstatic.com,
chrome,6CC74E6449113FADD390E156CE1BDE27,8A8A0113021303132BC02FC02CC030C0,5A5A1D0017001800,account.booking.com,account.booking.com,
chrome,27D55DC46AEBEF98D223EB7E289336D0,0A0A0113021303132BC02FC02CC030C0,1A1A1D0017001800,secure.booking.com,secure.booking.com,
chrome,3E70D4CA2565FDFA8F93D1A179A59CD0,2A2A0113021303132BC02FC02CC030C0,2A2A1D0017001800,cf.bstatic.com,cf.bstatic.com,
chrome,FA915A18CC3B378FDF69CB65B0767CB6,0A0A0113021303132BC02FC02CC030C0,CACA1D0017001800,web-vitals.booking.com,web-vitals.booking.com,
chrome,C6B70C0221E0C180B83DCA7BB3959398,FAFA0113021303132BC02FC02CC030C0,2A2A1D0017001800,www.booking.com,www.booking.com,
chrome,47EF67B418ECAA0BDD71428895BBE265,BABA0113021303132BC02FC02CC030C0,8A8A1D0017001800,m.adnxs.com,m.adnxs.com,
chrome,391BC950360BB8ED258AA0426C1FB950,4A4A0113021303132BC02FC02CC030C0,3A3A1D0017001800,browser.pipe.aria.microsoft.com,browser.pipe.aria.microsoft.com,*.events.data.microsoft.com
chrome,7E46BF47D3882FADF7FE83224B740DA0,1A1A0113021303132BC02FC02CC030C0,8A8A1D0017001800,login.microsoftonline.com,login.microsoftonline.com,stamp2.login.microsoftonline.com
chrome,FB65D189F376D2AFE9F6E82D7083CE10,7A7A0113021303132BC02FC02CC030C0,3A3A1D0017001800,mem.gfx.ms,wcpstatic.microsoft.com,wcpstatic.microsoft.com
chrome,F5ABE54FD9CE493E539851DAAAFDEA4F,DADA0113021303132BC02FC02CC030C0,FAFA1D0017001800,www.microsoft.com,www.microsoft.com,
chrome,71677DF0D169F4D6A89FF9CDAB67D137,4A4A0113021303132BC02FC02CC030C0,7A7A1D0017001800,mem.gfx.ms,mem.gfx.ms,
chrome,2AF7B1EB12659F8C930584CC02D2BED7,9A9A0113021303132BC02FC02CC030C0,AAAA1D0017001800,login.microsoftonline.com,login.microsoftonline.com,stamp2.login.microsoftonline.com
chrome,147F63D4A61529BC00EF06DE8FC9DD6C,DADA0113021303132BC02FC02CC030C0,5A5A1D0017001800,statics-eas.onestore.ms,statics-eus.onestore.ms,wildcard.onestore.ms
chrome,43EDB687C4FF0C0A9577694EBE44E8CB,2A2A0113021303132BC02FC02CC030C0,0A0A1D0017001800,statics-eas.onestore.ms,statics-wcus.onestore.ms,wildcard.onestore.ms
chrome,B96A91E660A84F11D33E8B7226B4354B,CACA0113021303132BC02FC02CC030C0,6A6A1D0017001800,statics-eas.onestore.ms,statics-eas.onestore.ms,wildcard.onestore.ms
chrome,1EEF74DAB550A1A836479238DE714C06,CACA0113021303132BC02FC02CC030C0,9A9A1D0017001800,cart.production.store-web.dynamics.com,cart.production.store-web.dynamics.com,
chrome,B2B1946451FA05E7B19D96F8668E7FAE,FAFA0113021303132BC02FC02CC030C0,6A6A1D0017001800,statics-eas.onestore.ms,assets.onestore.ms,wildcard.onestore.ms
chrome,84A6C945F8E558603411E67BB7C99395,3A3A0113021303132BC02FC02CC030C0,2A2A1D0017001800,eur.loki.delve.office.com,eur.loki.delve.office.com,loki.delve.office.com
chrome,8AF10CCAA8198179BEC6CBC231B39CB7,6A6A0113021303132BC02FC02CC030C0,8A8A1D0017001800,statics-eas.onestore.ms,statics-neu.onestore.ms,wildcard.onestore.ms
chrome,BC4830F63E66926D4EB26117A14AC2AE,7A7A0113021303132BC02FC02CC030C0,1A1A1D0017001800,collector-pxikkul2rm.px-cloud.net,collector-pxikkul2rm.px-cloud.net,
chrome,C903DFDE23AE58F3DEB37DFCCCA921EA,DADA0113021303132BC02FC02CC030C0,9A9A1D0017001800,privacyportal-eu.onetrust.com,privacyportal-eu.onetrust.com,
chrome,D3CBB10286923223C215F0403D6DD0B0,3A3A0113021303132BC02FC02CC030C0,AAAA1D0017001800,eur.loki.delve.office.com,eur.loki.delve.office.com,loki.delve.office.com
chrome,E60C8BA09B937BB3CE4939D7E613E9D0,1A1A0113021303132BC02FC02CC030C0,BABA1D0017001800,polyfill.io,polyfill.io,
chrome,B2E04F5A619316868405898B21392218,BABA0113021303132BC02FC02CC030C0,6A6A1D0017001800,safebrowsing.googleapis.com,translate.googleapis.com,
chrome,6E5E301D420891BAEAF43928A1671A0A,2A2A0113021303132BC02FC02CC030C0,AAAA1D0017001800,dst.letuska.cz,akce.letuska.cz,
chrome,F0383436ACED1B47AAB7797A12330AE8,9A9A0113021303132BC02FC02CC030C0,0A0A1D0017001800,c.seznam.cz,c.seznam.cz,
chrome,69C6C3B270D96C89CC93B505BF2C6003,BABA0113021303132BC02FC02CC030C0,8A8A1D0017001800,stats.g.doubleclick.net,stats.g.doubleclick.net,
chrome,217BABF48321D30B6ED8AF9A903ADBDD,DADA0113021303132BC02FC02CC030C0,0A0A1D0017001800,www.google.cz,www.google.cz,
chrome,B5B2C9B1B26E96889F8552A5BFEA3209,3A3A0113021303132BC02FC02CC030C0,4A4A1D0017001800,dst.letuska.cz,www.letuska.cz,
chrome,34368AC3FAA56DBBF90DD2FB5EF04277,BABA0113021303132BC02FC02CC030C0,4A4A1D0017001800,m.adnxs.com,m.adnxs.com,
chrome,563F0A8E31D363498FB530141899671D,BABA0113021303132BC02FC02CC030C0,6A6A1D0017001800,log.letuska.cz,log.letuska.cz,
chrome,A690FB0203011C120A86A220100824E0,DADA0113021303132BC02FC02CC030C0,8A8A1D0017001800,region1.analytics.google.com,region1.analytics.google.com,
chrome,A61E55C21EE01F973B6C1CB746D73710,0A0A0113021303132BC02FC02CC030C0,1A1A1D0017001800,dst.letuska.cz,moje.letuska.cz,
chrome,37516D1CB3FD3EF979A075256903D584,FAFA0113021303132BC02FC02CC030C0,7A7A1D0017001800,dst.letuska.cz,api.letuska.cz,
chrome,D896AF784CFC3C1736E193A697365B0F,DADA0113021303132BC02FC02CC030C0,AAAA1D0017001800,dst.letuska.cz,cml.letuska.cz,
chrome,1EB924460BA70BA3F66A44C22B596A97,EAEA0113021303132BC02FC02CC030C0,6A6A1D0017001800,dst.letuska.cz,dst.letuska.cz,
chrome,593D21707EEFAA483B1CC959F79ABF56,5A5A0113021303132BC02FC02CC030C0,4A4A1D0017001800,dst.letuska.cz,cml.letuska.cz,
chrome,BCC727E19BB9A5F5CA3679737D851ADA,1A1A0113021303132BC02FC02CC030C0,3A3A1D0017001800,dst.letuska.cz,letuska.cz,
chrome,989AD18907340D80E77320500DCBC28F,EAEA0113021303132BC02FC02CC030C0,FAFA1D0017001800,log.letuska.cz,log.letuska.cz,
chrome,84A6C945F8E558603411E67BB7C99395,3A3A0113021303132BC02FC02CC030C0,2A2A1D0017001800,eur.loki.delve.office.com,eur.loki.delve.office.com,loki.delve.office.com
chrome,D7EEC293B0546F312DDB954ABD38819C,6A6A0113021303132BC02FC02CC030C0,4A4A1D0017001800,exo.nel.measure.office.net,exo.nel.measure.office.net,
chrome,D51785CD830A390A99BEBA50704FFE3B,4A4A0113021303132BC02FC02CC030C0,5A5A1D0017001800,rezervace.letuska.cz,rezervace.letuska.cz,
chrome,D3CBB10286923223C215F0403D6DD0B0,3A3A0113021303132BC02FC02CC030C0,AAAA1D0017001800,loki.delve.office.com,eur.loki.delve.office.com,loki.delve.office.com
chrome,84A6C945F8E558603411E67BB7C99395,3A3A0113021303132BC02FC02CC030C0,2A2A1D0017001800,loki.delve.office.com,eur.loki.delve.office.com,loki.delve.office.com
chrome,B8D28FD4FCC3640B2542A58DA55028EE,DADA0113021303132BC02FC02CC030C0,7A7A1D0017001800,id.google.com,id.google.com,
chrome,9C144B780D3EDA094670F1171255156B,5A5A0113021303132BC02FC02CC030C0,4A4A1D0017001800,www.geeksforgeeks.org,exo.nel.measure.office.net,
chrome,0B95398E965CCA50E5599ABE7C90B6B2,2A2A0113021303132BC02FC02CC030C0,BABA1D0017001800,beacons.gcp.gvt2.com,www.recaptcha.net,
chrome,AD739ADCDB5A301308AD6044A7357089,EAEA0113021303132BC02FC02CC030C0,3A3A1D0017001800,www.virustotal.com,www.virustotal.com,
chrome,B83358E6D6741A7A690D1B4F0FBAF49A,2A2A0113021303132BC02FC02CC030C0,1A1A1D0017001800,www.virustotal.com,www.virustotal.com,
chrome,4F5F95A2B7631E83479169562E307358,BABA0113021303132BC02FC02CC030C0,5A5A1D0017001800,code.jquery.com,code.jquery.com,
chrome,0E238BD00BCC51E089D039FBE01256F2,4A4A0113021303132BC02FC02CC030C0,AAAA1D0017001800,www.googleoptimize.com,www.googleoptimize.com,
chrome,00387C5C0E3AEABED0F83B8DA168E019,EAEA0113021303132BC02FC02CC030C0,6A6A1D0017001800,videocdn.geeksforgeeks.org,videocdn.geeksforgeeks.org,
chrome,E11B727609B2E7658DA6EC286994C73B,6A6A0113021303132BC02FC02CC030C0,0A0A1D0017001800,pagead2.googlesyndication.com,www.googletagservices.com,
chrome,96CE32AACEC4DDFD2DB6C7E8AF0B6BE1,AAAA0113021303132BC02FC02CC030C0,BABA1D0017001800,api.geeksforgeeks.org,use.typekit.net,
chrome,4A53F21AFCAA883949F176832989157F,DADA0113021303132BC02FC02CC030C0,9A9A1D0017001800,cdnpremium.geeksforgeeks.org,cdnpremium.geeksforgeeks.org,
chrome,76BD05B28D540368CC1CA0CF85FF52E5,4A4A0113021303132BC02FC02CC030C0,5A5A1D0017001800,www.googleadservices.com,securepubads.g.doubleclick.net,
chrome,2FB71E7E03EDC6E3A1A0F772B574C2B5,8A8A0113021303132BC02FC02CC030C0,AAAA1D0017001800,utilapi.geeksforgeeks.org,utilapi.geeksforgeeks.org,
chrome,2F2B7364BEC40790FDA461FFD319F0E4,EAEA0113021303132BC02FC02CC030C0,6A6A1D0017001800,media.geeksforgeeks.org,media.geeksforgeeks.org,
chrome,14C20A5E7C9564372EA211A10F6D3A0A,4A4A0113021303132BC02FC02CC030C0,9A9A1D0017001800,api.geeksforgeeks.org,use.typekit.net,
chrome,92F9DF4EE6DC72E603BC0A1B973C9D08,4A4A0113021303132BC02FC02CC030C0,DADA1D0017001800,utilapi.geeksforgeeks.org,utilapi.geeksforgeeks.org,
chrome,B3873AF9CE78E733BD6EBCB5DEA5CD3A,4A4A0113021303132BC02FC02CC030C0,9A9A1D0017001800,www.clarity.ms,www.clarity.ms,www.clarity.ms
chrome,C3A3FEB6B2969DB9F64C803CD783E909,6A6A0113021303132BC02FC02CC030C0,0A0A1D0017001800,www.bing.com,c.bing.com,www.bing.com
chrome,6A908B4FB8D2D0A9E1580E358AB1B2E6,6A6A0113021303132BC02FC02CC030C0,6A6A1D0017001800,cdnpremium.geeksforgeeks.org,practiceapi.geeksforgeeks.org,
chrome,F9B51826325C60997E2195551019CD92,3A3A0113021303132BC02FC02CC030C0,1A1A1D0017001800,www.geeksforgeeks.org,www.geeksforgeeks.org,
chrome,DE9A9A1D1F8A5FDAC04E7245D8EE2DAF,9A9A0113021303132BC02FC02CC030C0,7A7A1D0017001800,c.msn.com,c.clarity.ms,c.msn.com
chrome,D3CBB10286923223C215F0403D6DD0B0,3A3A0113021303132BC02FC02CC030C0,AAAA1D0017001800,loki.delve.office.com,eur.loki.delve.office.com,loki.delve.office.com
chrome,7A84E86E86FD0CF84A131F9BB8759365,9A9A0113021303132BC02FC02CC030C0,9A9A1D0017001800,util.geeksforgeeks.org,util.geeksforgeeks.org,*.geeksforgeeks.org
chrome,929981E3FE26935BE0C54FD7E58C7CDB,AAAA0113021303132BC02FC02CC030C0,FAFA1D0017001800,eu-office.events.data.microsoft.com,eu-office.events.data.microsoft.com,*.events.data.microsoft.com
chrome,220809F4773E1FCC4E51551226486555,3A3A0113021303132BC02FC02CC030C0,EAEA1D0017001800,www.geeksforgeeks.org,www.geeksforgeeks.org,
chrome,A0ADE4BA45887219FC7BC801F9B52ADB,8A8A0113021303132BC02FC02CC030C0,8A8A1D0017001800,maxcdn.bootstrapcdn.com,maxcdn.bootstrapcdn.com,
chrome,51E4E5277458D615F121FA34C6E85D6F,8A8A0113021303132BC02FC02CC030C0,2A2A1D0017001800,authcdn.geeksforgeeks.org,authcdn.geeksforgeeks.org,
chrome,65C03B1BD4A2ED564AFF3D7657DD785A,0A0A0113021303132BC02FC02CC030C0,AAAA1D0017001800,api.geeksforgeeks.org,api.geeksforgeeks.org,
chrome,1D4467C709C5AFD743C1881E7AB6C2C9,9A9A0113021303132BC02FC02CC030C0,9A9A1D0017001800,api.geeksforgeeks.org,api.geeksforgeeks.org,
chrome,5DA5B7F1D3CDA5D9090A9CD69DEF4B8D,0A0A0113021303132BC02FC02CC030C0,2A2A1D0017001800,api.geeksforgeeks.org,api.geeksforgeeks.org,
chrome,4A917851C1F73356D856C6B18ECD207A,8A8A0113021303132BC02FC02CC030C0,5A5A1D0017001800,j.clarity.ms,j.clarity.ms,a.clarity.ms
chrome,84A6C945F8E558603411E67BB7C99395,3A3A0113021303132BC02FC02CC030C0,2A2A1D0017001800,loki.delve.office.com,eur.loki.delve.office.com,loki.delve.office.com
chrome,D3CBB10286923223C215F0403D6DD0B0,3A3A0113021303132BC02FC02CC030C0,AAAA1D0017001800,loki.delve.office.com,eur.loki.delve.office.com,loki.delve.office.com
chrome,07A8D44B2FD3E5EF8FB95CBBD9997B94,0A0A0113021303132BC02FC02CC030C0,7A7A1D0017001800,j.clarity.ms,j.clarity.ms,a.clarity.ms
chrome,32DACF77BB4B5DDB91E36C8C0E020937,2A2A0113021303132BC02FC02CC030C0,CACA1D0017001800,ams3-ib.adnxs.com,ams3-ib.adnxs.com,*.adnxs.com
chrome,AE112DA1067FE2C6F3BD76F91C58E34A,8A8A0113021303132BC02FC02CC030C0,BABA1D0017001800,cdn.snigelweb.com,cdn.snigelweb.com,
chrome,85F7D7463F503E8F0E0E98D36011F0B5,1A1A0113021303132BC02FC02CC030C0,FAFA1D0017001800,c.amazon-adsystem.com,c.amazon-adsystem.com,
chrome,84A6C945F8E558603411E67BB7C99395,3A3A0113021303132BC02FC02CC030C0,2A2A1D0017001800,loki.delve.office.com,eur.loki.delve.office.com,loki.delve.office.com
chrome,EA4274934D3F5EA2ED411BC44B14D878,AAAA0113021303132BC02FC02CC030C0,CACA1D0017001800,secure.cdn.fastclick.net,secure.cdn.fastclick.net,
chrome,5048573522475B3AE7BD4061EDB0E2E9,8A8A0113021303132BC02FC02CC030C0,3A3A1D0017001800,prod.us-east-1.cxm-bcn.publisher-services.amazon.dev,prod.us-east-1.cxm-bcn.publisher-services.amazon.dev,prod.us-east-1.cxm-bcn.publisher-services.amazon.dev
chrome,D4DC38BD5B7A7103C032B5C4C67E2473,7A7A0113021303132BC02FC02CC030C0,9A9A1D0017001800,c.amazon-adsystem.com,c.amazon-adsystem.com,
chrome,EC1185D64D6D3BDBFC7D586299580DBA,AAAA0113021303132BC02FC02CC030C0,0A0A1D0017001800,cdn.snigelweb.com,cdn.snigelweb.com,
chrome,265EBFB00B47867D110E9C629A4CB264,AAAA0113021303132BC02FC02CC030C0,DADA1D0017001800,www.googleadservices.com,securepubads.g.doubleclick.net,
chrome,44B30CC327156B8918CF684E24D13522,EAEA0113021303132BC02FC02CC030C0,BABA1D0017001800,www.w3schools.com,www.w3schools.com,
chrome,90AD41D661EF21BF9B9BE93C51020DF9,8A8A0113021303132BC02FC02CC030C0,4A4A1D0017001800,cdn.confiant-integrations.net,cdn.confiant-integrations.net,
chrome,15215CCC9759A77EBDABE00B0DC752F7,9A9A0113021303132BC02FC02CC030C0,EAEA1D0017001800,cdn.id5-sync.com,cdn.id5-sync.com,
chrome,90CAF86396DB85A09B36365802F848D9,5A5A0113021303132BC02FC02CC030C0,BABA1D0017001800,j.clarity.ms,j.clarity.ms,a.clarity.ms
chrome,63780B2C3860D2CBD0A6A3257AC0EC9F,8A8A0113021303132BC02FC02CC030C0,BABA1D0017001800,j.clarity.ms,j.clarity.ms,a.clarity.ms
chrome,D3CBB10286923223C215F0403D6DD0B0,3A3A0113021303132BC02FC02CC030C0,AAAA1D0017001800,loki.delve.office.com,eur.loki.delve.office.com,loki.delve.office.com
chrome,84A6C945F8E558603411E67BB7C99395,3A3A0113021303132BC02FC02CC030C0,2A2A1D0017001800,loki.delve.office.com,eur.loki.delve.office.com,loki.delve.office.com
chrome,D3CBB10286923223C215F0403D6DD0B0,3A3A0113021303132BC02FC02CC030C0,AAAA1D0017001800,loki.delve.office.com,eur.loki.delve.office.com,loki.delve.office.com
chrome,A2CA31741A9397ADDA54F89F2EB078D9,FAFA0113021303132BC02FC02CC030C0,8A8A1D0017001800,e2cs38.gcp.gvt2.com,e2cs38.gcp.gvt2.com,
chrome,E2D1D0093D3D07141D8418F3C89A4C79,0A0A0113021303132BC02FC02CC030C0,6A6A1D0017001800,j.clarity.ms,j.clarity.ms,a.clarity.ms
chrome,D3CBB10286923223C215F0403D6DD0B0,3A3A0113021303132BC02FC02CC030C0,AAAA1D0017001800,loki.delve.office.com,eur.loki.delve.office.com,loki.delve.office.com
chrome,760D2D1F77B45623BAFF1D4264BB020C,1A1A0113021303132BC02FC02CC030C0,BABA1D0017001800,j.clarity.ms,j.clarity.ms,a.clarity.ms
chrome,D3CBB10286923223C215F0403D6DD0B0,3A3A0113021303132BC02FC02CC030C0,AAAA1D0017001800,loki.delve.office.com,eur.loki.delve.office.com,loki.delve.office.com
chrome,D3CBB10286923223C215F0403D6DD0B0,3A3A0113021303132BC02FC02CC030C0,AAAA1D0017001800,loki.delve.office.com,eur.loki.delve.office.com,loki.delve.office.com
