type,key,value,reliability,validity,details
activity_flows,192.168.111.19,5,1,"[""2023-03-10 18:25:22"",""2023-03-10 18:25:22""]","{""src"": ""ip_activity""}"
activity_bytes,192.168.111.19,21600,1,"[""2023-03-10 18:25:22"",""2023-03-10 18:25:22""]","{""src"": ""ip_activity""}"
activity_flows,204.2.134.163,1,1,"[""2023-03-10 18:20:17"",""2023-03-10 18:20:17""]","{""src"": ""ip_activity""}"
activity_bytes,204.2.134.163,76,1,"[""2023-03-10 18:20:17"",""2023-03-10 18:20:17""]","{""src"": ""ip_activity""}"
activity_flows,5.1.56.123,32,1,"[""2023-03-10 18:23:19"",""2023-03-10 18:23:19""]","{""src"": ""ip_activity""}"
activity_bytes,5.1.56.123,9272,1,"[""2023-03-10 18:23:19"",""2023-03-10 18:23:19""]","{""src"": ""ip_activity""}"
activity_flows,10.100.56.157,38,1,"[""2023-03-10 18:25:59"",""2023-03-10 18:25:59""]","{""src"": ""ip_activity""}"
activity_bytes,10.100.56.157,6770,1,"[""2023-03-10 18:25:59"",""2023-03-10 18:25:59""]","{""src"": ""ip_activity""}"
activity_flows,10.100.51.20,51,1,"[""2023-03-10 18:26:01"",""2023-03-10 18:26:01""]","{""src"": ""ip_activity""}"
activity_bytes,10.100.51.20,17066,1,"[""2023-03-10 18:26:01"",""2023-03-10 18:26:01""]","{""src"": ""ip_activity""}"
activity_flows,20.50.201.195,1,1,"[""2023-03-10 18:20:14"",""2023-03-10 18:20:14""]","{""src"": ""ip_activity""}"
activity_bytes,20.50.201.195,5547,1,"[""2023-03-10 18:20:14"",""2023-03-10 18:20:14""]","{""src"": ""ip_activity""}"
activity_flows,10.100.54.99,105,1,"[""2023-03-10 18:26:09"",""2023-03-10 18:26:09""]","{""src"": ""ip_activity""}"
activity_bytes,10.100.54.99,16691267,1,"[""2023-03-10 18:26:09"",""2023-03-10 18:26:09""]","{""src"": ""ip_activity""}"
activity_flows,10.100.54.100,61,1,"[""2023-03-10 18:26:09"",""2023-03-10 18:26:09""]","{""src"": ""ip_activity""}"
activity_bytes,10.100.54.100,2848,1,"[""2023-03-10 18:26:09"",""2023-03-10 18:26:09""]","{""src"": ""ip_activity""}"
activity_flows,10.100.56.51,48,1,"[""2023-03-10 18:25:50"",""2023-03-10 18:25:50""]","{""src"": ""ip_activity""}"
activity_bytes,10.100.56.51,22775,1,"[""2023-03-10 18:25:50"",""2023-03-10 18:25:50""]","{""src"": ""ip_activity""}"
activity_flows,10.100.34.242,80,1,"[""2023-03-10 18:26:06"",""2023-03-10 18:26:06""]","{""src"": ""ip_activity""}"
activity_bytes,10.100.34.242,43735360,1,"[""2023-03-10 18:26:06"",""2023-03-10 18:26:06""]","{""src"": ""ip_activity""}"
activity_flows,10.100.55.21,16,1,"[""2023-03-10 18:25:58"",""2023-03-10 18:25:58""]","{""src"": ""ip_activity""}"
activity_bytes,10.100.55.21,976,1,"[""2023-03-10 18:25:58"",""2023-03-10 18:25:58""]","{""src"": ""ip_activity""}"
activity_flows,78.108.96.197,5,1,"[""2023-03-10 18:22:57"",""2023-03-10 18:22:57""]","{""src"": ""ip_activity""}"
activity_bytes,78.108.96.197,380,1,"[""2023-03-10 18:22:57"",""2023-03-10 18:22:57""]","{""src"": ""ip_activity""}"
activity_flows,10.100.56.50,27,1,"[""2023-03-10 18:25:47"",""2023-03-10 18:25:47""]","{""src"": ""ip_activity""}"
activity_bytes,10.100.56.50,10615,1,"[""2023-03-10 18:25:47"",""2023-03-10 18:25:47""]","{""src"": ""ip_activity""}"
activity_flows,10.100.24.65,93,1,"[""2023-03-10 18:25:49"",""2023-03-10 18:25:49""]","{""src"": ""ip_activity""}"
activity_bytes,10.100.24.65,20694,1,"[""2023-03-10 18:25:49"",""2023-03-10 18:25:49""]","{""src"": ""ip_activity""}"
activity_flows,10.100.24.58,10,1,"[""2023-03-10 18:25:24"",""2023-03-10 18:25:24""]","{""src"": ""ip_activity""}"
activity_bytes,10.100.24.58,580,1,"[""2023-03-10 18:25:24"",""2023-03-10 18:25:24""]","{""src"": ""ip_activity""}"
activity_flows,10.100.64.21,89,1,"[""2023-03-10 18:26:06"",""2023-03-10 18:26:06""]","{""src"": ""ip_activity""}"
activity_bytes,10.100.64.21,1629123,1,"[""2023-03-10 18:26:06"",""2023-03-10 18:26:06""]","{""src"": ""ip_activity""}"
activity_flows,10.100.16.30,58,1,"[""2023-03-10 18:26:06"",""2023-03-10 18:26:06""]","{""src"": ""ip_activity""}"
activity_bytes,10.100.16.30,482958,1,"[""2023-03-10 18:26:06"",""2023-03-10 18:26:06""]","{""src"": ""ip_activity""}"
activity_flows,10.100.36.1,21,1,"[""2023-03-10 18:22:01"",""2023-03-10 18:22:01""]","{""src"": ""ip_activity""}"
activity_bytes,10.100.36.1,125720,1,"[""2023-03-10 18:22:01"",""2023-03-10 18:22:01""]","{""src"": ""ip_activity""}"
activity_flows,162.159.200.1,46,1,"[""2023-03-10 18:26:05"",""2023-03-10 18:26:05""]","{""src"": ""ip_activity""}"
activity_bytes,162.159.200.1,13300,1,"[""2023-03-10 18:26:05"",""2023-03-10 18:26:05""]","{""src"": ""ip_activity""}"
activity_flows,192.168.55.12,69,1,"[""2023-03-10 18:25:59"",""2023-03-10 18:25:59""]","{""src"": ""ip_activity""}"
activity_bytes,192.168.55.12,206361,1,"[""2023-03-10 18:25:59"",""2023-03-10 18:25:59""]","{""src"": ""ip_activity""}"
activity_flows,192.168.55.104,74,1,"[""2023-03-10 18:26:09"",""2023-03-10 18:26:09""]","{""src"": ""ip_activity""}"
activity_bytes,192.168.55.104,196136,1,"[""2023-03-10 18:26:09"",""2023-03-10 18:26:09""]","{""src"": ""ip_activity""}"
activity_flows,77.48.28.248,75,1,"[""2023-03-10 18:25:11"",""2023-03-10 18:25:11""]","{""src"": ""ip_activity""}"
activity_bytes,77.48.28.248,21508,1,"[""2023-03-10 18:25:11"",""2023-03-10 18:25:11""]","{""src"": ""ip_activity""}"
activity_flows,10.100.46.22,43,1,"[""2023-03-10 18:26:03"",""2023-03-10 18:26:03""]","{""src"": ""ip_activity""}"
activity_bytes,10.100.46.22,92016,1,"[""2023-03-10 18:26:03"",""2023-03-10 18:26:03""]","{""src"": ""ip_activity""}"
activity_flows,10.100.51.25,31,1,"[""2023-03-10 18:26:00"",""2023-03-10 18:26:00""]","{""src"": ""ip_activity""}"
activity_bytes,10.100.51.25,10721,1,"[""2023-03-10 18:26:00"",""2023-03-10 18:26:00""]","{""src"": ""ip_activity""}"
activity_flows,10.100.28.78,12,1,"[""2023-03-10 18:25:47"",""2023-03-10 18:25:47""]","{""src"": ""ip_activity""}"
activity_bytes,10.100.28.78,29412,1,"[""2023-03-10 18:25:47"",""2023-03-10 18:25:47""]","{""src"": ""ip_activity""}"
activity_flows,10.100.51.26,109,1,"[""2023-03-10 18:26:01"",""2023-03-10 18:26:01""]","{""src"": ""ip_activity""}"
activity_bytes,10.100.51.26,36649,1,"[""2023-03-10 18:26:01"",""2023-03-10 18:26:01""]","{""src"": ""ip_activity""}"
activity_flows,192.168.55.100,74,1,"[""2023-03-10 18:26:08"",""2023-03-10 18:26:08""]","{""src"": ""ip_activity""}"
activity_bytes,192.168.55.100,191004,1,"[""2023-03-10 18:26:08"",""2023-03-10 18:26:08""]","{""src"": ""ip_activity""}"
activity_flows,192.168.55.106,80,1,"[""2023-03-10 18:26:06"",""2023-03-10 18:26:06""]","{""src"": ""ip_activity""}"
activity_bytes,192.168.55.106,250378,1,"[""2023-03-10 18:26:06"",""2023-03-10 18:26:06""]","{""src"": ""ip_activity""}"
activity_flows,192.168.111.19,73,1,"[""2023-03-10 18:26:06"",""2023-03-10 18:26:06""]","{""src"": ""ip_activity""}"
activity_bytes,192.168.111.19,194202,1,"[""2023-03-10 18:26:06"",""2023-03-10 18:26:06""]","{""src"": ""ip_activity""}"
activity_flows,192.168.111.19,82,1,"[""2023-03-10 18:26:04"",""2023-03-10 18:26:04""]","{""src"": ""ip_activity""}"
activity_bytes,192.168.111.19,509009,1,"[""2023-03-10 18:26:04"",""2023-03-10 18:26:04""]","{""src"": ""ip_activity""}"
activity_flows,10.10.9.5,6,1,"[""2023-03-10 18:22:32"",""2023-03-10 18:22:32""]","{""src"": ""ip_activity""}"
activity_bytes,10.10.9.5,23180,1,"[""2023-03-10 18:22:32"",""2023-03-10 18:22:32""]","{""src"": ""ip_activity""}"
activity_flows,10.100.24.69,27,1,"[""2023-03-10 18:25:47"",""2023-03-10 18:25:47""]","{""src"": ""ip_activity""}"
activity_bytes,10.100.24.69,5824628,1,"[""2023-03-10 18:25:47"",""2023-03-10 18:25:47""]","{""src"": ""ip_activity""}"
activity_flows,192.168.55.102,72,1,"[""2023-03-10 18:26:06"",""2023-03-10 18:26:06""]","{""src"": ""ip_activity""}"
activity_bytes,192.168.55.102,229640,1,"[""2023-03-10 18:26:06"",""2023-03-10 18:26:06""]","{""src"": ""ip_activity""}"
activity_flows,10.100.38.1,12,1,"[""2023-03-10 18:25:53"",""2023-03-10 18:25:53""]","{""src"": ""ip_activity""}"
activity_bytes,10.100.38.1,420,1,"[""2023-03-10 18:25:53"",""2023-03-10 18:25:53""]","{""src"": ""ip_activity""}"
activity_flows,10.100.38.242,74,1,"[""2023-03-10 18:26:09"",""2023-03-10 18:26:09""]","{""src"": ""ip_activity""}"
activity_bytes,10.100.38.242,32948346,1,"[""2023-03-10 18:26:09"",""2023-03-10 18:26:09""]","{""src"": ""ip_activity""}"
activity_flows,10.100.28.79,6,1,"[""2023-03-10 18:23:53"",""2023-03-10 18:23:53""]","{""src"": ""ip_activity""}"
activity_bytes,10.100.28.79,924,1,"[""2023-03-10 18:23:53"",""2023-03-10 18:23:53""]","{""src"": ""ip_activity""}"
activity_flows,10.100.28.40,3,1,"[""2023-03-10 18:23:44"",""2023-03-10 18:23:44""]","{""src"": ""ip_activity""}"
activity_bytes,10.100.28.40,65293,1,"[""2023-03-10 18:23:44"",""2023-03-10 18:23:44""]","{""src"": ""ip_activity""}"
activity_flows,10.100.40.22,90,1,"[""2023-03-10 18:26:06"",""2023-03-10 18:26:06""]","{""src"": ""ip_activity""}"
activity_bytes,10.100.40.22,2154028,1,"[""2023-03-10 18:26:06"",""2023-03-10 18:26:06""]","{""src"": ""ip_activity""}"
activity_flows,10.100.58.58,46,1,"[""2023-03-10 18:26:10"",""2023-03-10 18:26:10""]","{""src"": ""ip_activity""}"
activity_bytes,10.100.58.58,311149,1,"[""2023-03-10 18:26:10"",""2023-03-10 18:26:10""]","{""src"": ""ip_activity""}"
activity_flows,192.168.111.19,73,1,"[""2023-03-10 18:26:06"",""2023-03-10 18:26:06""]","{""src"": ""ip_activity""}"
activity_bytes,192.168.111.19,193997,1,"[""2023-03-10 18:26:06"",""2023-03-10 18:26:06""]","{""src"": ""ip_activity""}"
activity_flows,192.168.111.19,75,1,"[""2023-03-10 18:26:13"",""2023-03-10 18:26:13""]","{""src"": ""ip_activity""}"
activity_bytes,192.168.111.19,205837,1,"[""2023-03-10 18:26:13"",""2023-03-10 18:26:13""]","{""src"": ""ip_activity""}"
activity_flows,10.100.32.143,23,1,"[""2023-03-10 09:17:23"",""2023-03-10 09:17:23""]","{""src"": ""ip_activity""}"
activity_bytes,10.100.32.143,1406,1,"[""2023-03-10 09:17:23"",""2023-03-10 09:17:23""]","{""src"": ""ip_activity""}"
activity_flows,10.100.50.144,546,1,"[""2023-03-10 18:26:10"",""2023-03-10 18:26:10""]","{""src"": ""ip_activity""}"
activity_bytes,10.100.50.144,964252,1,"[""2023-03-10 18:26:10"",""2023-03-10 18:26:10""]","{""src"": ""ip_activity""}"
activity_flows,192.168.3.254,127,1,"[""2023-03-10 18:26:10"",""2023-03-10 18:26:10""]","{""src"": ""ip_activity""}"
activity_bytes,192.168.3.254,29282,1,"[""2023-03-10 18:26:10"",""2023-03-10 18:26:10""]","{""src"": ""ip_activity""}"
activity_flows,192.168.55.253,23,1,"[""2023-03-10 18:26:06"",""2023-03-10 18:26:06""]","{""src"": ""ip_activity""}"
activity_bytes,192.168.55.253,43232,1,"[""2023-03-10 18:26:06"",""2023-03-10 18:26:06""]","{""src"": ""ip_activity""}"
activity_flows,10.100.28.41,126,1,"[""2023-03-10 18:26:29"",""2023-03-10 18:26:29""]","{""src"": ""ip_activity""}"
activity_bytes,10.100.28.41,2155697,1,"[""2023-03-10 18:26:29"",""2023-03-10 18:26:29""]","{""src"": ""ip_activity""}"
activity_flows,10.100.2.9,356,1,"[""2023-03-10 18:26:29"",""2023-03-10 18:26:29""]","{""src"": ""ip_activity""}"
activity_bytes,10.100.2.9,51595,1,"[""2023-03-10 18:26:29"",""2023-03-10 18:26:29""]","{""src"": ""ip_activity""}"
activity_flows,162.159.200.123,92,1,"[""2023-03-10 18:26:06"",""2023-03-10 18:26:06""]","{""src"": ""ip_activity""}"
activity_bytes,162.159.200.123,25916,1,"[""2023-03-10 18:26:06"",""2023-03-10 18:26:06""]","{""src"": ""ip_activity""}"
activity_flows,10.100.56.30,24,1,"[""2023-03-10 18:25:55"",""2023-03-10 18:25:55""]","{""src"": ""ip_activity""}"
activity_bytes,10.100.56.30,5628,1,"[""2023-03-10 18:25:55"",""2023-03-10 18:25:55""]","{""src"": ""ip_activity""}"
activity_flows,10.100.16.22,165,1,"[""2023-03-10 18:26:10"",""2023-03-10 18:26:10""]","{""src"": ""ip_activity""}"
activity_bytes,10.100.16.22,27747,1,"[""2023-03-10 18:26:10"",""2023-03-10 18:26:10""]","{""src"": ""ip_activity""}"
activity_flows,10.100.16.21,288,1,"[""2023-03-10 18:26:10"",""2023-03-10 18:26:10""]","{""src"": ""ip_activity""}"
activity_bytes,10.100.16.21,30039,1,"[""2023-03-10 18:26:10"",""2023-03-10 18:26:10""]","{""src"": ""ip_activity""}"
activity_flows,10.100.32.26,60,1,"[""2023-03-10 18:26:10"",""2023-03-10 18:26:10""]","{""src"": ""ip_activity""}"
activity_bytes,10.100.32.26,196243,1,"[""2023-03-10 18:26:10"",""2023-03-10 18:26:10""]","{""src"": ""ip_activity""}"
activity_flows,10.100.40.21,71,1,"[""2023-03-10 18:26:06"",""2023-03-10 18:26:06""]","{""src"": ""ip_activity""}"
activity_bytes,10.100.40.21,18254,1,"[""2023-03-10 18:26:06"",""2023-03-10 18:26:06""]","{""src"": ""ip_activity""}"
activity_flows,10.100.32.28,79,1,"[""2023-03-10 18:26:10"",""2023-03-10 18:26:10""]","{""src"": ""ip_activity""}"
activity_bytes,10.100.32.28,35708,1,"[""2023-03-10 18:26:10"",""2023-03-10 18:26:10""]","{""src"": ""ip_activity""}"
activity_flows,10.100.40.24,182,1,"[""2023-03-10 18:26:11"",""2023-03-10 18:26:11""]","{""src"": ""ip_activity""}"
activity_bytes,10.100.40.24,103612,1,"[""2023-03-10 18:26:11"",""2023-03-10 18:26:11""]","{""src"": ""ip_activity""}"
activity_flows,192.168.55.120,82,1,"[""2023-03-10 18:26:04"",""2023-03-10 18:26:04""]","{""src"": ""ip_activity""}"
activity_bytes,192.168.55.120,696556,1,"[""2023-03-10 18:26:04"",""2023-03-10 18:26:04""]","{""src"": ""ip_activity""}"
activity_flows,10.100.7.26,21,1,"[""2023-03-10 18:26:06"",""2023-03-10 18:26:06""]","{""src"": ""ip_activity""}"
activity_bytes,10.100.7.26,28939,1,"[""2023-03-10 18:26:06"",""2023-03-10 18:26:06""]","{""src"": ""ip_activity""}"
activity_flows,10.100.7.30,23,1,"[""2023-03-10 18:26:06"",""2023-03-10 18:26:06""]","{""src"": ""ip_activity""}"
activity_bytes,10.100.7.30,143303,1,"[""2023-03-10 18:26:06"",""2023-03-10 18:26:06""]","{""src"": ""ip_activity""}"
activity_flows,192.168.55.117,86,1,"[""2023-03-10 18:26:10"",""2023-03-10 18:26:10""]","{""src"": ""ip_activity""}"
activity_bytes,192.168.55.117,590280,1,"[""2023-03-10 18:26:10"",""2023-03-10 18:26:10""]","{""src"": ""ip_activity""}"
activity_flows,192.168.55.99,73,1,"[""2023-03-10 18:26:06"",""2023-03-10 18:26:06""]","{""src"": ""ip_activity""}"
activity_bytes,192.168.55.99,199016,1,"[""2023-03-10 18:26:06"",""2023-03-10 18:26:06""]","{""src"": ""ip_activity""}"
activity_flows,192.168.55.105,74,1,"[""2023-03-10 18:26:10"",""2023-03-10 18:26:10""]","{""src"": ""ip_activity""}"
activity_bytes,192.168.55.105,193913,1,"[""2023-03-10 18:26:10"",""2023-03-10 18:26:10""]","{""src"": ""ip_activity""}"
activity_flows,192.168.3.70,838,1,"[""2023-03-10 18:26:10"",""2023-03-10 18:26:10""]","{""src"": ""ip_activity""}"
activity_bytes,192.168.3.70,2286672,1,"[""2023-03-10 18:26:10"",""2023-03-10 18:26:10""]","{""src"": ""ip_activity""}"
activity_flows,192.168.55.119,86,1,"[""2023-03-10 18:26:10"",""2023-03-10 18:26:10""]","{""src"": ""ip_activity""}"
activity_bytes,192.168.55.119,803180,1,"[""2023-03-10 18:26:10"",""2023-03-10 18:26:10""]","{""src"": ""ip_activity""}"
tls_os_version,192.168.111.19,"{WinNT,""Windows 10 Enterprise"",10.0.17134}",0.89,"[""2023-03-10 18:26:06"",""2023-03-10 18:26:06""]","{""src"": ""ja3cury""}"
in_flow_tags,10.100.45.50,WEB:https,1,"[""2023-03-10 18:26:06"",""2023-03-10 18:26:06""]","{""src"": ""flow_classifier""}"
tls_processes,192.168.111.19,ovftool,1,"[""2023-03-10 18:26:06"",""2023-03-10 18:26:06""]","{""src"": ""ja3cury""}"
open_ports,fe80::65d8:7bac:b3fb:6446,{546},1,"[""2023-03-10 18:25:57"",""2023-03-10 18:25:57""]","{""src"": ""service_labels""}"
open_ports,ff02::1:2,{547},1,"[""2023-03-10 18:25:57"",""2023-03-10 18:26:18""]","{""src"": ""service_labels""}"
open_ports,20.31.196.184,{443},1,"[""2023-03-10 18:25:59"",""2023-03-10 18:25:59""]","{""src"": ""service_labels""}"
open_ports,10.100.58.58,{443},1,"[""2023-03-10 18:25:57"",""2023-03-10 18:26:10""]","{""src"": ""service_labels""}"
open_ports,10.100.32.28,{2210},1,"[""2023-03-10 18:26:00"",""2023-03-10 18:26:20""]","{""src"": ""service_labels""}"
open_ports,34.36.213.229,{443},1,"[""2023-03-10 18:25:55"",""2023-03-10 18:25:55""]","{""src"": ""service_labels""}"
open_ports,34.149.155.70,{443},1,"[""2023-03-10 18:25:55"",""2023-03-10 18:25:55""]","{""src"": ""service_labels""}"
open_ports,192.168.55.104,{9080},1,"[""2023-03-10 18:25:59"",""2023-03-10 18:26:19""]","{""src"": ""service_labels""}"
open_ports,192.168.111.19,{9080},1,"[""2023-03-10 18:25:54"",""2023-03-10 18:26:14""]","{""src"": ""service_labels""}"
open_ports,192.168.111.19,{9080},1,"[""2023-03-10 18:25:55"",""2023-03-10 18:26:15""]","{""src"": ""service_labels""}"
open_ports,192.168.55.117,"{9080,443}",1,"[""2023-03-10 18:25:55"",""2023-03-10 18:26:10""]","{""src"": ""service_labels""}"
open_ports,192.168.55.119,"{9080,443}",1,"[""2023-03-10 18:26:00"",""2023-03-10 18:26:10""]","{""src"": ""service_labels""}"
open_ports,192.168.55.105,{9080},1,"[""2023-03-10 18:25:57"",""2023-03-10 18:26:17""]","{""src"": ""service_labels""}"
open_ports,10.100.32.141,{1234},1,"[""2023-03-10 18:26:02"",""2023-03-10 18:26:02""]","{""src"": ""service_labels""}"
open_ports,10.100.32.31,{666},1,"[""2023-03-10 18:26:02"",""2023-03-10 18:26:02""]","{""src"": ""service_labels""}"
open_ports,10.100.28.41,{443},1,"[""2023-03-10 18:26:01"",""2023-03-10 18:26:01""]","{""src"": ""service_labels""}"
open_ports,10.100.33.140,{7887},1,"[""2023-03-10 18:26:02"",""2023-03-10 18:26:02""]","{""src"": ""service_labels""}"
open_ports,10.100.32.29,{12345},1,"[""2023-03-10 18:26:02"",""2023-03-10 18:26:02""]","{""src"": ""service_labels""}"
open_ports,10.100.32.144,{12345},1,"[""2023-03-10 18:26:02"",""2023-03-10 18:26:02""]","{""src"": ""service_labels""}"
open_ports,10.100.30.111,{1234},1,"[""2023-03-10 18:26:02"",""2023-03-10 18:26:02""]","{""src"": ""service_labels""}"
open_ports,10.100.50.144,{443},1,"[""2023-03-10 18:26:02"",""2023-03-10 18:26:19""]","{""src"": ""service_labels""}"
open_ports,192.168.55.100,{9080},1,"[""2023-03-10 18:26:02"",""2023-03-10 18:26:12""]","{""src"": ""service_labels""}"
open_ports,52.1.34.202,{80},1,"[""2023-03-10 18:25:57"",""2023-03-10 18:25:57""]","{""src"": ""service_labels""}"
open_ports,10.100.32.149,{2222},1,"[""2023-03-10 18:26:02"",""2023-03-10 18:26:02""]","{""src"": ""service_labels""}"
open_ports,10.100.33.29,{666},1,"[""2023-03-10 18:26:02"",""2023-03-10 18:26:02""]","{""src"": ""service_labels""}"
open_ports,10.100.40.24,{2210},1,"[""2023-03-10 18:26:03"",""2023-03-10 18:26:13""]","{""src"": ""service_labels""}"
open_ports,10.100.32.22,{514},1,"[""2023-03-10 18:26:02"",""2023-03-10 18:26:02""]","{""src"": ""service_labels""}"
open_ports,10.100.33.138,{666},1,"[""2023-03-10 18:26:02"",""2023-03-10 18:26:02""]","{""src"": ""service_labels""}"
open_ports,10.100.33.26,{666},1,"[""2023-03-10 18:26:02"",""2023-03-10 18:26:02""]","{""src"": ""service_labels""}"
open_ports,fe80::250:56ff:febf:3337,{546},1,"[""2023-03-10 18:26:02"",""2023-03-10 18:26:02""]","{""src"": ""service_labels""}"
open_ports,10.100.36.23,{666},1,"[""2023-03-10 18:26:02"",""2023-03-10 18:26:02""]","{""src"": ""service_labels""}"
open_ports,192.168.111.19,{9080},1,"[""2023-03-10 18:26:04"",""2023-03-10 18:26:14""]","{""src"": ""service_labels""}"
open_ports,192.168.55.106,"{9080,443}",1,"[""2023-03-10 18:26:06"",""2023-03-10 18:26:16""]","{""src"": ""service_labels""}"
open_ports,10.100.32.27,{666},1,"[""2023-03-10 18:26:02"",""2023-03-10 18:26:02""]","{""src"": ""service_labels""}"
open_ports,fe80::ee01:183a:37a2:ba74,{546},1,"[""2023-03-10 18:25:59"",""2023-03-10 18:25:59""]","{""src"": ""service_labels""}"
open_ports,10.100.64.21,"{9080,443}",1,"[""2023-03-10 18:26:06"",""2023-03-10 18:26:11""]","{""src"": ""service_labels""}"
open_ports,192.168.55.102,{9080},1,"[""2023-03-10 18:26:06"",""2023-03-10 18:26:16""]","{""src"": ""service_labels""}"
open_ports,162.159.200.123,{123},1,"[""2023-03-10 18:26:06"",""2023-03-10 18:26:15""]","{""src"": ""service_labels""}"
open_ports,81.25.28.124,{123},1,"[""2023-03-10 18:26:06"",""2023-03-10 18:26:14""]","{""src"": ""service_labels""}"
open_ports,10.100.51.26,{2210},1,"[""2023-03-10 18:26:01"",""2023-03-10 18:26:10""]","{""src"": ""service_labels""}"
open_ports,10.100.33.23,{666},1,"[""2023-03-10 18:26:02"",""2023-03-10 18:26:02""]","{""src"": ""service_labels""}"
open_ports,10.100.32.21,{666},1,"[""2023-03-10 18:26:02"",""2023-03-10 18:26:02""]","{""src"": ""service_labels""}"
open_ports,10.100.33.136,{666},1,"[""2023-03-10 18:26:02"",""2023-03-10 18:26:02""]","{""src"": ""service_labels""}"
open_ports,10.100.33.139,{666},1,"[""2023-03-10 18:26:02"",""2023-03-10 18:26:02""]","{""src"": ""service_labels""}"
open_ports,10.100.33.21,{667},1,"[""2023-03-10 18:26:02"",""2023-03-10 18:26:02""]","{""src"": ""service_labels""}"
open_ports,10.100.40.21,{2210},1,"[""2023-03-10 18:26:06"",""2023-03-10 18:26:11""]","{""src"": ""service_labels""}"
open_ports,192.168.55.99,{9080},1,"[""2023-03-10 18:26:04"",""2023-03-10 18:26:14""]","{""src"": ""service_labels""}"
open_ports,10.100.30.112,{5555},1,"[""2023-03-10 18:26:02"",""2023-03-10 18:26:02""]","{""src"": ""service_labels""}"
open_ports,192.168.55.120,"{9080,443}",1,"[""2023-03-10 18:26:04"",""2023-03-10 18:26:14""]","{""src"": ""service_labels""}"
open_ports,192.168.3.70,{443},1,"[""2023-03-10 18:26:06"",""2023-03-10 18:26:06""]","{""src"": ""service_labels""}"
open_ports,10.100.33.25,{666},1,"[""2023-03-10 18:26:02"",""2023-03-10 18:26:02""]","{""src"": ""service_labels""}"
open_ports,10.100.32.151,{2222},1,"[""2023-03-10 18:26:02"",""2023-03-10 18:26:02""]","{""src"": ""service_labels""}"
open_ports,10.100.32.30,{666},1,"[""2023-03-10 18:26:02"",""2023-03-10 18:26:02""]","{""src"": ""service_labels""}"
open_ports,10.100.33.22,{666},1,"[""2023-03-10 18:26:02"",""2023-03-10 18:26:02""]","{""src"": ""service_labels""}"
open_ports,fe80::188a:c432:b369:d331,{546},1,"[""2023-03-10 18:26:03"",""2023-03-10 18:26:03""]","{""src"": ""service_labels""}"
open_ports,10.100.40.22,{2210},1,"[""2023-03-10 18:26:06"",""2023-03-10 18:26:06""]","{""src"": ""service_labels""}"
open_ports,10.100.32.26,"{2210,666}",1,"[""2023-03-10 18:26:02"",""2023-03-10 18:26:13""]","{""src"": ""service_labels""}"
open_ports,10.100.32.129,{666},1,"[""2023-03-10 18:26:02"",""2023-03-10 18:26:02""]","{""src"": ""service_labels""}"
open_ports,192.168.111.19,{9080},1,"[""2023-03-10 18:26:02"",""2023-03-10 18:26:12""]","{""src"": ""service_labels""}"
open_ports,162.159.200.1,{123},1,"[""2023-03-10 18:26:05"",""2023-03-10 18:26:16""]","{""src"": ""service_labels""}"
open_ports,10.100.7.26,{389},1,"[""2023-03-10 18:26:06"",""2023-03-10 18:26:06""]","{""src"": ""service_labels""}"
open_ports,78.108.102.237,{123},1,"[""2023-03-10 18:26:05"",""2023-03-10 18:26:16""]","{""src"": ""service_labels""}"
open_ports,fe80::fc2f:165d:614f:1f4e,{546},1,"[""2023-03-10 18:26:05"",""2023-03-10 18:26:05""]","{""src"": ""service_labels""}"
open_ports,fe80::250:56ff:febf:f78c,{546},1,"[""2023-03-10 18:26:08"",""2023-03-10 18:26:08""]","{""src"": ""service_labels""}"
open_ports,192.168.55.12,{9080},1,"[""2023-03-10 18:26:08"",""2023-03-10 18:26:08""]","{""src"": ""service_labels""}"
open_ports,10.100.42.78,{22},1,"[""2023-03-10 18:26:43"",""2023-03-10 18:26:43""]","{""src"": ""service_labels""}"
open_ports,0.0.0.0,{68},1,"[""2023-03-10 18:26:08"",""2023-03-10 18:26:08""]","{""src"": ""service_labels""}"
open_ports,255.255.255.255,{67},1,"[""2023-03-10 18:26:08"",""2023-03-10 18:26:08""]","{""src"": ""service_labels""}"
open_ports,fe80::250:56ff:febf:c39,{546},1,"[""2023-03-10 18:26:11"",""2023-03-10 18:26:11""]","{""src"": ""service_labels""}"
open_ports,10.100.56.50,{2210},1,"[""2023-03-10 18:26:11"",""2023-03-10 18:26:11""]","{""src"": ""service_labels""}"
open_ports,fe80::210:74ff:fe67:47a6,{546},1,"[""2023-03-10 18:26:15"",""2023-03-10 18:26:15""]","{""src"": ""service_labels""}"
open_ports,10.100.42.54,{123},1,"[""2023-03-10 18:26:15"",""2023-03-10 18:26:15""]","{""src"": ""service_labels""}"
open_ports,77.48.28.248,{123},1,"[""2023-03-10 18:26:15"",""2023-03-10 18:26:15""]","{""src"": ""service_labels""}"
open_ports,fe80::e2e3:36d5:69c4:e4c4,{546},1,"[""2023-03-10 18:26:18"",""2023-03-10 18:26:18""]","{""src"": ""service_labels""}"
tags_by_services,fe80::65d8:7bac:b3fb:6446,"{""DHCP Client:546""}",1,"[""2023-03-10 18:25:57"",""2023-03-10 18:25:57""]","{""src"": ""service_labels""}"
tags_by_services,ff02::1:2,"{""DHCP Server:547""}",1,"[""2023-03-10 18:25:57"",""2023-03-10 18:26:18""]","{""src"": ""service_labels""}"
tags_by_services,20.31.196.184,"{""WEB Server:443""}",1,"[""2023-03-10 18:25:59"",""2023-03-10 18:25:59""]","{""src"": ""service_labels""}"
tags_by_services,10.100.58.58,"{""WEB Server:443""}",1,"[""2023-03-10 18:25:57"",""2023-03-10 18:26:10""]","{""src"": ""service_labels""}"
tags_by_services,34.36.213.229,"{""WEB Server:443""}",1,"[""2023-03-10 18:25:55"",""2023-03-10 18:25:55""]","{""src"": ""service_labels""}"
tags_by_services,34.149.155.70,"{""WEB Server:443""}",1,"[""2023-03-10 18:25:55"",""2023-03-10 18:25:55""]","{""src"": ""service_labels""}"
tags_by_services,192.168.55.117,"{""WEB Server:443""}",1,"[""2023-03-10 18:25:55"",""2023-03-10 18:25:55""]","{""src"": ""service_labels""}"
tags_by_services,192.168.55.119,"{""WEB Server:443""}",1,"[""2023-03-10 18:25:56"",""2023-03-10 18:25:56""]","{""src"": ""service_labels""}"
tags_by_services,10.100.32.31,"{""End Device:666""}",1,"[""2023-03-10 18:26:02"",""2023-03-10 18:26:02""]","{""src"": ""service_labels""}"
tags_by_services,10.100.28.41,"{""WEB Server:443""}",1,"[""2023-03-10 18:26:01"",""2023-03-10 18:26:01""]","{""src"": ""service_labels""}"
tags_by_services,10.100.50.144,"{""WEB Server:443""}",1,"[""2023-03-10 18:26:02"",""2023-03-10 18:26:19""]","{""src"": ""service_labels""}"
tags_by_services,52.1.34.202,"{""WEB Server:80""}",1,"[""2023-03-10 18:25:57"",""2023-03-10 18:25:57""]","{""src"": ""service_labels""}"
tags_by_services,10.100.33.29,"{""End Device:666""}",1,"[""2023-03-10 18:26:02"",""2023-03-10 18:26:02""]","{""src"": ""service_labels""}"
tags_by_services,10.100.32.22,"{""Log Server:514""}",1,"[""2023-03-10 18:26:02"",""2023-03-10 18:26:02""]","{""src"": ""service_labels""}"
tags_by_services,10.100.33.138,"{""End Device:666""}",1,"[""2023-03-10 18:26:02"",""2023-03-10 18:26:02""]","{""src"": ""service_labels""}"
tags_by_services,10.100.33.26,"{""End Device:666""}",1,"[""2023-03-10 18:26:02"",""2023-03-10 18:26:02""]","{""src"": ""service_labels""}"
tags_by_services,fe80::250:56ff:febf:3337,"{""DHCP Client:546""}",1,"[""2023-03-10 18:26:02"",""2023-03-10 18:26:02""]","{""src"": ""service_labels""}"
tags_by_services,10.100.36.23,"{""End Device:666""}",1,"[""2023-03-10 18:26:02"",""2023-03-10 18:26:02""]","{""src"": ""service_labels""}"
tags_by_services,10.100.32.27,"{""End Device:666""}",1,"[""2023-03-10 18:26:02"",""2023-03-10 18:26:02""]","{""src"": ""service_labels""}"
tags_by_services,fe80::ee01:183a:37a2:ba74,"{""DHCP Client:546""}",1,"[""2023-03-10 18:25:59"",""2023-03-10 18:25:59""]","{""src"": ""service_labels""}"
tags_by_services,10.100.64.21,"{""WEB Server:443""}",1,"[""2023-03-10 18:26:06"",""2023-03-10 18:26:11""]","{""src"": ""service_labels""}"
tags_by_services,162.159.200.123,"{""Time Server:123""}",1,"[""2023-03-10 18:26:06"",""2023-03-10 18:26:15""]","{""src"": ""service_labels""}"
tags_by_services,81.25.28.124,"{""Time Server:123""}",1,"[""2023-03-10 18:26:06"",""2023-03-10 18:26:14""]","{""src"": ""service_labels""}"
tags_by_services,10.100.33.23,"{""End Device:666""}",1,"[""2023-03-10 18:26:02"",""2023-03-10 18:26:02""]","{""src"": ""service_labels""}"
tags_by_services,10.100.32.21,"{""End Device:666""}",1,"[""2023-03-10 18:26:02"",""2023-03-10 18:26:02""]","{""src"": ""service_labels""}"
tags_by_services,10.100.33.136,"{""End Device:666""}",1,"[""2023-03-10 18:26:02"",""2023-03-10 18:26:02""]","{""src"": ""service_labels""}"
tags_by_services,10.100.33.139,"{""End Device:666""}",1,"[""2023-03-10 18:26:02"",""2023-03-10 18:26:02""]","{""src"": ""service_labels""}"
tags_by_services,10.100.30.112,"{""IP Camera:5555""}",1,"[""2023-03-10 18:26:02"",""2023-03-10 18:26:02""]","{""src"": ""service_labels""}"
tags_by_services,192.168.3.70,"{""WEB Server:443""}",1,"[""2023-03-10 18:26:06"",""2023-03-10 18:26:06""]","{""src"": ""service_labels""}"
tags_by_services,10.100.33.25,"{""End Device:666""}",1,"[""2023-03-10 18:26:02"",""2023-03-10 18:26:02""]","{""src"": ""service_labels""}"
tags_by_services,10.100.32.30,"{""End Device:666""}",1,"[""2023-03-10 18:26:02"",""2023-03-10 18:26:02""]","{""src"": ""service_labels""}"
tags_by_services,10.100.33.22,"{""End Device:666""}",1,"[""2023-03-10 18:26:02"",""2023-03-10 18:26:02""]","{""src"": ""service_labels""}"
tags_by_services,fe80::188a:c432:b369:d331,"{""DHCP Client:546""}",1,"[""2023-03-10 18:26:03"",""2023-03-10 18:26:03""]","{""src"": ""service_labels""}"
tags_by_services,10.100.32.26,"{""End Device:666""}",1,"[""2023-03-10 18:26:02"",""2023-03-10 18:26:02""]","{""src"": ""service_labels""}"
tags_by_services,10.100.32.129,"{""End Device:666""}",1,"[""2023-03-10 18:26:02"",""2023-03-10 18:26:02""]","{""src"": ""service_labels""}"
tags_by_services,162.159.200.1,"{""Time Server:123""}",1,"[""2023-03-10 18:26:05"",""2023-03-10 18:26:16""]","{""src"": ""service_labels""}"
tags_by_services,10.100.7.26,"{""Dictionary Server:389""}",1,"[""2023-03-10 18:26:06"",""2023-03-10 18:26:06""]","{""src"": ""service_labels""}"
tags_by_services,78.108.102.237,"{""Time Server:123""}",1,"[""2023-03-10 18:26:05"",""2023-03-10 18:26:16""]","{""src"": ""service_labels""}"
in_flow_tags,10.100.56.50,NETWORKSERVICE:dns,1,"[""2023-03-10 18:26:11"",""2023-03-10 18:26:17""]","{""src"": ""flow_classifier""}"
tags_by_services,fe80::fc2f:165d:614f:1f4e,"{""DHCP Client:546""}",1,"[""2023-03-10 18:26:05"",""2023-03-10 18:26:05""]","{""src"": ""service_labels""}"
tags_by_services,fe80::250:56ff:febf:f78c,"{""DHCP Client:546""}",1,"[""2023-03-10 18:26:08"",""2023-03-10 18:26:08""]","{""src"": ""service_labels""}"
tags_by_services,192.168.55.120,"{""WEB Server:443""}",1,"[""2023-03-10 18:26:15"",""2023-03-10 18:26:15""]","{""src"": ""service_labels""}"
tags_by_services,0.0.0.0,"{""DHCP Client:68""}",1,"[""2023-03-10 18:26:08"",""2023-03-10 18:26:08""]","{""src"": ""service_labels""}"
tags_by_services,255.255.255.255,"{""DHCP Server:67""}",1,"[""2023-03-10 18:26:08"",""2023-03-10 18:26:08""]","{""src"": ""service_labels""}"
tags_by_services,fe80::250:56ff:febf:c39,"{""DHCP Client:546""}",1,"[""2023-03-10 18:26:11"",""2023-03-10 18:26:11""]","{""src"": ""service_labels""}"
ip_dependency_server,ff02::1:2,fe80::65d8:7bac:b3fb:6446,1,"[""2023-03-10 18:25:57"",""2023-03-10 18:25:57""]","{""src"": ""dependency_mapping"", ""port"": ""547"", ""num_packets"": 2}"
tags_by_services,fe80::210:74ff:fe67:47a6,"{""DHCP Client:546""}",1,"[""2023-03-10 18:26:15"",""2023-03-10 18:26:15""]","{""src"": ""service_labels""}"
ip_dependency_client,fe80::65d8:7bac:b3fb:6446,ff02::1:2,1,"[""2023-03-10 18:25:57"",""2023-03-10 18:25:57""]","{""src"": ""dependency_mapping"", ""port"": ""547"", ""num_packets"": 2}"
tags_by_services,10.100.42.54,"{""Time Server:123""}",1,"[""2023-03-10 18:26:15"",""2023-03-10 18:26:15""]","{""src"": ""service_labels""}"
ip_dependency_server,20.31.196.184,10.100.28.41,1,"[""2023-03-10 18:25:59"",""2023-03-10 18:25:59""]","{""src"": ""dependency_mapping"", ""port"": ""443"", ""num_packets"": 27}"
tags_by_services,77.48.28.248,"{""Time Server:123""}",1,"[""2023-03-10 18:26:15"",""2023-03-10 18:26:15""]","{""src"": ""service_labels""}"
ip_dependency_client,10.100.28.41,20.31.196.184,1,"[""2023-03-10 18:25:59"",""2023-03-10 18:25:59""]","{""src"": ""dependency_mapping"", ""port"": ""443"", ""num_packets"": 27}"
tags_by_services,192.168.55.106,"{""WEB Server:443""}",1,"[""2023-03-10 18:26:13"",""2023-03-10 18:26:13""]","{""src"": ""service_labels""}"
ip_dependency_server,10.100.58.58,10.10.9.16,1,"[""2023-03-10 18:25:57"",""2023-03-10 18:25:57""]","{""src"": ""dependency_mapping"", ""port"": ""443"", ""num_packets"": 22}"
tags_by_services,fe80::e2e3:36d5:69c4:e4c4,"{""DHCP Client:546""}",1,"[""2023-03-10 18:26:18"",""2023-03-10 18:26:18""]","{""src"": ""service_labels""}"
ip_dependency_client,10.10.9.16,10.100.58.58,1,"[""2023-03-10 18:25:57"",""2023-03-10 18:25:57""]","{""src"": ""dependency_mapping"", ""port"": ""443"", ""num_packets"": 22}"
ip_dependency_server,10.100.32.28,10.100.32.26,1,"[""2023-03-10 18:26:00"",""2023-03-10 18:26:20""]","{""src"": ""dependency_mapping"", ""port"": ""2210"", ""num_packets"": 40}"
ip_dependency_client,10.100.32.26,10.100.32.28,1,"[""2023-03-10 18:26:00"",""2023-03-10 18:26:20""]","{""src"": ""dependency_mapping"", ""port"": ""2210"", ""num_packets"": 40}"
ip_dependency_server,34.36.213.229,10.100.42.53,1,"[""2023-03-10 18:25:55"",""2023-03-10 18:25:55""]","{""src"": ""dependency_mapping"", ""port"": ""443"", ""num_packets"": 143}"
ip_dependency_client,10.100.42.53,34.36.213.229,1,"[""2023-03-10 18:25:55"",""2023-03-10 18:25:55""]","{""src"": ""dependency_mapping"", ""port"": ""443"", ""num_packets"": 143}"
ip_dependency_server,34.149.155.70,10.100.42.53,1,"[""2023-03-10 18:25:55"",""2023-03-10 18:25:55""]","{""src"": ""dependency_mapping"", ""port"": ""443"", ""num_packets"": 147}"
ip_dependency_client,10.100.42.53,34.149.155.70,1,"[""2023-03-10 18:25:55"",""2023-03-10 18:25:55""]","{""src"": ""dependency_mapping"", ""port"": ""443"", ""num_packets"": 147}"
ip_dependency_server,192.168.55.104,192.168.3.70,1,"[""2023-03-10 18:25:59"",""2023-03-10 18:26:19""]","{""src"": ""dependency_mapping"", ""port"": ""9080"", ""num_packets"": 61}"
ip_dependency_client,192.168.3.70,192.168.55.104,1,"[""2023-03-10 18:25:59"",""2023-03-10 18:26:19""]","{""src"": ""dependency_mapping"", ""port"": ""9080"", ""num_packets"": 61}"
ip_dependency_server,192.168.111.19,192.168.3.70,1,"[""2023-03-10 18:25:54"",""2023-03-10 18:26:14""]","{""src"": ""dependency_mapping"", ""port"": ""9080"", ""num_packets"": 74}"
ip_dependency_client,192.168.3.70,192.168.111.19,1,"[""2023-03-10 18:25:54"",""2023-03-10 18:26:14""]","{""src"": ""dependency_mapping"", ""port"": ""9080"", ""num_packets"": 74}"
ip_dependency_server,192.168.111.19,192.168.3.70,1,"[""2023-03-10 18:25:55"",""2023-03-10 18:26:15""]","{""src"": ""dependency_mapping"", ""port"": ""9080"", ""num_packets"": 75}"
ip_dependency_client,192.168.3.70,192.168.111.19,1,"[""2023-03-10 18:25:55"",""2023-03-10 18:26:15""]","{""src"": ""dependency_mapping"", ""port"": ""9080"", ""num_packets"": 75}"
ip_dependency_server,192.168.55.117,192.168.3.70,1,"[""2023-03-10 18:25:55"",""2023-03-10 18:25:55""]","{""src"": ""dependency_mapping"", ""port"": ""443"", ""num_packets"": 81}"
ip_dependency_client,192.168.3.70,192.168.55.117,1,"[""2023-03-10 18:25:55"",""2023-03-10 18:25:55""]","{""src"": ""dependency_mapping"", ""port"": ""443"", ""num_packets"": 81}"
ip_dependency_server,192.168.55.119,192.168.3.70,1,"[""2023-03-10 18:26:00"",""2023-03-10 18:26:20""]","{""src"": ""dependency_mapping"", ""port"": ""9080"", ""num_packets"": 74}"
ip_dependency_client,192.168.3.70,192.168.55.119,1,"[""2023-03-10 18:26:00"",""2023-03-10 18:26:20""]","{""src"": ""dependency_mapping"", ""port"": ""9080"", ""num_packets"": 74}"
ip_dependency_server,20.31.196.184,10.100.28.29,1,"[""2023-03-10 18:25:59"",""2023-03-10 18:25:59""]","{""src"": ""dependency_mapping"", ""port"": ""443"", ""num_packets"": 29}"
ip_dependency_client,10.100.28.29,20.31.196.184,1,"[""2023-03-10 18:25:59"",""2023-03-10 18:25:59""]","{""src"": ""dependency_mapping"", ""port"": ""443"", ""num_packets"": 29}"
ip_dependency_server,192.168.55.119,192.168.3.70,1,"[""2023-03-10 18:25:56"",""2023-03-10 18:25:56""]","{""src"": ""dependency_mapping"", ""port"": ""443"", ""num_packets"": 49}"
ip_dependency_client,192.168.3.70,192.168.55.119,1,"[""2023-03-10 18:25:56"",""2023-03-10 18:25:56""]","{""src"": ""dependency_mapping"", ""port"": ""443"", ""num_packets"": 49}"
ip_dependency_server,192.168.55.105,192.168.3.70,1,"[""2023-03-10 18:25:57"",""2023-03-10 18:26:17""]","{""src"": ""dependency_mapping"", ""port"": ""9080"", ""num_packets"": 75}"
ip_dependency_client,192.168.3.70,192.168.55.105,1,"[""2023-03-10 18:25:57"",""2023-03-10 18:26:17""]","{""src"": ""dependency_mapping"", ""port"": ""9080"", ""num_packets"": 75}"
ip_dependency_server,10.100.32.141,10.100.30.242,1,"[""2023-03-10 18:26:02"",""2023-03-10 18:26:02""]","{""src"": ""dependency_mapping"", ""port"": ""1234"", ""num_packets"": 279}"
ip_dependency_client,10.100.30.242,10.100.32.141,1,"[""2023-03-10 18:26:02"",""2023-03-10 18:26:02""]","{""src"": ""dependency_mapping"", ""port"": ""1234"", ""num_packets"": 279}"
ip_dependency_server,10.100.32.31,10.100.30.242,1,"[""2023-03-10 18:26:02"",""2023-03-10 18:26:02""]","{""src"": ""dependency_mapping"", ""port"": ""666"", ""num_packets"": 279}"
ip_dependency_client,10.100.30.242,10.100.32.31,1,"[""2023-03-10 18:26:02"",""2023-03-10 18:26:02""]","{""src"": ""dependency_mapping"", ""port"": ""666"", ""num_packets"": 279}"
ip_dependency_server,10.100.28.41,10.100.46.22,1,"[""2023-03-10 18:26:01"",""2023-03-10 18:26:16""]","{""src"": ""dependency_mapping"", ""port"": ""443"", ""num_packets"": 89}"
ip_dependency_client,10.100.46.22,10.100.28.41,1,"[""2023-03-10 18:26:01"",""2023-03-10 18:26:16""]","{""src"": ""dependency_mapping"", ""port"": ""443"", ""num_packets"": 89}"
ip_dependency_server,10.100.33.140,10.100.30.242,1,"[""2023-03-10 18:26:02"",""2023-03-10 18:26:02""]","{""src"": ""dependency_mapping"", ""port"": ""7887"", ""num_packets"": 279}"
ip_dependency_client,10.100.30.242,10.100.33.140,1,"[""2023-03-10 18:26:02"",""2023-03-10 18:26:02""]","{""src"": ""dependency_mapping"", ""port"": ""7887"", ""num_packets"": 279}"
ip_dependency_server,10.100.32.29,10.100.30.242,1,"[""2023-03-10 18:26:02"",""2023-03-10 18:26:02""]","{""src"": ""dependency_mapping"", ""port"": ""12345"", ""num_packets"": 279}"
ip_dependency_client,10.100.30.242,10.100.32.29,1,"[""2023-03-10 18:26:02"",""2023-03-10 18:26:02""]","{""src"": ""dependency_mapping"", ""port"": ""12345"", ""num_packets"": 279}"
ip_dependency_server,10.100.32.144,10.100.30.242,1,"[""2023-03-10 18:26:02"",""2023-03-10 18:26:02""]","{""src"": ""dependency_mapping"", ""port"": ""12345"", ""num_packets"": 279}"
ip_dependency_client,10.100.30.242,10.100.32.144,1,"[""2023-03-10 18:26:02"",""2023-03-10 18:26:02""]","{""src"": ""dependency_mapping"", ""port"": ""12345"", ""num_packets"": 279}"
ip_dependency_server,10.100.30.111,10.100.30.242,1,"[""2023-03-10 18:26:02"",""2023-03-10 18:26:02""]","{""src"": ""dependency_mapping"", ""port"": ""1234"", ""num_packets"": 279}"
ip_dependency_client,10.100.30.242,10.100.30.111,1,"[""2023-03-10 18:26:02"",""2023-03-10 18:26:02""]","{""src"": ""dependency_mapping"", ""port"": ""1234"", ""num_packets"": 279}"
ip_dependency_server,10.100.50.144,10.99.28.25,1,"[""2023-03-10 18:26:02"",""2023-03-10 18:26:19""]","{""src"": ""dependency_mapping"", ""port"": ""443"", ""num_packets"": 469}"
ip_dependency_client,10.99.28.25,10.100.50.144,1,"[""2023-03-10 18:26:02"",""2023-03-10 18:26:19""]","{""src"": ""dependency_mapping"", ""port"": ""443"", ""num_packets"": 469}"
ip_dependency_server,192.168.55.100,192.168.3.70,1,"[""2023-03-10 18:26:02"",""2023-03-10 18:26:12""]","{""src"": ""dependency_mapping"", ""port"": ""9080"", ""num_packets"": 50}"
ip_dependency_client,192.168.3.70,192.168.55.100,1,"[""2023-03-10 18:26:02"",""2023-03-10 18:26:12""]","{""src"": ""dependency_mapping"", ""port"": ""9080"", ""num_packets"": 50}"
ip_dependency_server,52.1.34.202,10.100.42.53,1,"[""2023-03-10 18:25:57"",""2023-03-10 18:25:57""]","{""src"": ""dependency_mapping"", ""port"": ""80"", ""num_packets"": 157}"
ip_dependency_client,10.100.42.53,52.1.34.202,1,"[""2023-03-10 18:25:57"",""2023-03-10 18:25:57""]","{""src"": ""dependency_mapping"", ""port"": ""80"", ""num_packets"": 157}"
ip_dependency_server,10.100.32.149,10.100.30.242,1,"[""2023-03-10 18:26:02"",""2023-03-10 18:26:02""]","{""src"": ""dependency_mapping"", ""port"": ""2222"", ""num_packets"": 279}"
ip_dependency_client,10.100.30.242,10.100.32.149,1,"[""2023-03-10 18:26:02"",""2023-03-10 18:26:02""]","{""src"": ""dependency_mapping"", ""port"": ""2222"", ""num_packets"": 279}"
ip_dependency_server,10.100.33.29,10.100.30.242,1,"[""2023-03-10 18:26:02"",""2023-03-10 18:26:02""]","{""src"": ""dependency_mapping"", ""port"": ""666"", ""num_packets"": 306}"
ip_dependency_client,10.100.30.242,10.100.33.29,1,"[""2023-03-10 18:26:02"",""2023-03-10 18:26:02""]","{""src"": ""dependency_mapping"", ""port"": ""666"", ""num_packets"": 306}"
ip_dependency_server,10.100.40.24,10.100.40.22,1,"[""2023-03-10 18:26:03"",""2023-03-10 18:26:13""]","{""src"": ""dependency_mapping"", ""port"": ""2210"", ""num_packets"": 20}"
ip_dependency_client,10.100.40.22,10.100.40.24,1,"[""2023-03-10 18:26:03"",""2023-03-10 18:26:13""]","{""src"": ""dependency_mapping"", ""port"": ""2210"", ""num_packets"": 20}"
ip_dependency_server,192.168.55.117,192.168.3.70,1,"[""2023-03-10 18:26:00"",""2023-03-10 18:26:10""]","{""src"": ""dependency_mapping"", ""port"": ""9080"", ""num_packets"": 50}"
ip_dependency_client,192.168.3.70,192.168.55.117,1,"[""2023-03-10 18:26:00"",""2023-03-10 18:26:10""]","{""src"": ""dependency_mapping"", ""port"": ""9080"", ""num_packets"": 50}"
ip_dependency_server,10.100.32.22,10.100.30.242,1,"[""2023-03-10 18:26:02"",""2023-03-10 18:26:02""]","{""src"": ""dependency_mapping"", ""port"": ""514"", ""num_packets"": 306}"
ip_dependency_client,10.100.30.242,10.100.32.22,1,"[""2023-03-10 18:26:02"",""2023-03-10 18:26:02""]","{""src"": ""dependency_mapping"", ""port"": ""514"", ""num_packets"": 306}"
ip_dependency_server,10.100.33.138,10.100.30.242,1,"[""2023-03-10 18:26:02"",""2023-03-10 18:26:02""]","{""src"": ""dependency_mapping"", ""port"": ""666"", ""num_packets"": 306}"
ip_dependency_client,10.100.30.242,10.100.33.138,1,"[""2023-03-10 18:26:02"",""2023-03-10 18:26:02""]","{""src"": ""dependency_mapping"", ""port"": ""666"", ""num_packets"": 306}"
ip_dependency_server,10.100.33.26,10.100.30.242,1,"[""2023-03-10 18:26:02"",""2023-03-10 18:26:02""]","{""src"": ""dependency_mapping"", ""port"": ""666"", ""num_packets"": 306}"
ip_dependency_client,10.100.30.242,10.100.33.26,1,"[""2023-03-10 18:26:02"",""2023-03-10 18:26:02""]","{""src"": ""dependency_mapping"", ""port"": ""666"", ""num_packets"": 306}"
ip_dependency_server,ff02::1:2,fe80::250:56ff:febf:3337,1,"[""2023-03-10 18:26:02"",""2023-03-10 18:26:02""]","{""src"": ""dependency_mapping"", ""port"": ""547"", ""num_packets"": 2}"
ip_dependency_client,fe80::250:56ff:febf:3337,ff02::1:2,1,"[""2023-03-10 18:26:02"",""2023-03-10 18:26:02""]","{""src"": ""dependency_mapping"", ""port"": ""547"", ""num_packets"": 2}"
ip_dependency_server,10.100.36.23,10.100.30.242,1,"[""2023-03-10 18:26:02"",""2023-03-10 18:26:02""]","{""src"": ""dependency_mapping"", ""port"": ""666"", ""num_packets"": 306}"
ip_dependency_client,10.100.30.242,10.100.36.23,1,"[""2023-03-10 18:26:02"",""2023-03-10 18:26:02""]","{""src"": ""dependency_mapping"", ""port"": ""666"", ""num_packets"": 306}"
ip_dependency_server,192.168.111.19,192.168.3.70,1,"[""2023-03-10 18:26:04"",""2023-03-10 18:26:14""]","{""src"": ""dependency_mapping"", ""port"": ""9080"", ""num_packets"": 50}"
ip_dependency_client,192.168.3.70,192.168.111.19,1,"[""2023-03-10 18:26:04"",""2023-03-10 18:26:14""]","{""src"": ""dependency_mapping"", ""port"": ""9080"", ""num_packets"": 50}"
ip_dependency_server,192.168.55.106,192.168.3.70,1,"[""2023-03-10 18:26:06"",""2023-03-10 18:26:16""]","{""src"": ""dependency_mapping"", ""port"": ""9080"", ""num_packets"": 51}"
ip_dependency_client,192.168.3.70,192.168.55.106,1,"[""2023-03-10 18:26:06"",""2023-03-10 18:26:16""]","{""src"": ""dependency_mapping"", ""port"": ""9080"", ""num_packets"": 51}"
ip_dependency_server,10.100.32.27,10.100.30.242,1,"[""2023-03-10 18:26:02"",""2023-03-10 18:26:02""]","{""src"": ""dependency_mapping"", ""port"": ""666"", ""num_packets"": 306}"
ip_dependency_client,10.100.30.242,10.100.32.27,1,"[""2023-03-10 18:26:02"",""2023-03-10 18:26:02""]","{""src"": ""dependency_mapping"", ""port"": ""666"", ""num_packets"": 306}"
ip_dependency_server,ff02::1:2,fe80::ee01:183a:37a2:ba74,1,"[""2023-03-10 18:25:59"",""2023-03-10 18:25:59""]","{""src"": ""dependency_mapping"", ""port"": ""547"", ""num_packets"": 2}"
ip_dependency_client,fe80::ee01:183a:37a2:ba74,ff02::1:2,1,"[""2023-03-10 18:25:59"",""2023-03-10 18:25:59""]","{""src"": ""dependency_mapping"", ""port"": ""547"", ""num_packets"": 2}"
ip_dependency_server,10.100.64.21,10.100.16.30,1,"[""2023-03-10 18:26:06"",""2023-03-10 18:26:11""]","{""src"": ""dependency_mapping"", ""port"": ""443"", ""num_packets"": 20}"
ip_dependency_client,10.100.16.30,10.100.64.21,1,"[""2023-03-10 18:26:06"",""2023-03-10 18:26:11""]","{""src"": ""dependency_mapping"", ""port"": ""443"", ""num_packets"": 20}"
ip_dependency_server,192.168.55.102,192.168.3.70,1,"[""2023-03-10 18:26:06"",""2023-03-10 18:26:16""]","{""src"": ""dependency_mapping"", ""port"": ""9080"", ""num_packets"": 51}"
ip_dependency_client,192.168.3.70,192.168.55.102,1,"[""2023-03-10 18:26:06"",""2023-03-10 18:26:16""]","{""src"": ""dependency_mapping"", ""port"": ""9080"", ""num_packets"": 51}"
ip_dependency_server,162.159.200.123,10.100.34.242,1,"[""2023-03-10 18:26:06"",""2023-03-10 18:26:06""]","{""src"": ""dependency_mapping"", ""port"": ""123"", ""num_packets"": 8}"
ip_dependency_client,10.100.34.242,162.159.200.123,1,"[""2023-03-10 18:26:06"",""2023-03-10 18:26:06""]","{""src"": ""dependency_mapping"", ""port"": ""123"", ""num_packets"": 8}"
ip_dependency_server,81.25.28.124,10.100.34.242,1,"[""2023-03-10 18:26:06"",""2023-03-10 18:26:06""]","{""src"": ""dependency_mapping"", ""port"": ""123"", ""num_packets"": 8}"
ip_dependency_client,10.100.34.242,81.25.28.124,1,"[""2023-03-10 18:26:06"",""2023-03-10 18:26:06""]","{""src"": ""dependency_mapping"", ""port"": ""123"", ""num_packets"": 8}"
ip_dependency_server,162.159.200.123,10.100.58.58,1,"[""2023-03-10 18:26:06"",""2023-03-10 18:26:06""]","{""src"": ""dependency_mapping"", ""port"": ""123"", ""num_packets"": 8}"
ip_dependency_client,10.100.58.58,162.159.200.123,1,"[""2023-03-10 18:26:06"",""2023-03-10 18:26:06""]","{""src"": ""dependency_mapping"", ""port"": ""123"", ""num_packets"": 8}"
ip_dependency_server,81.25.28.124,10.100.58.58,1,"[""2023-03-10 18:26:05"",""2023-03-10 18:26:05""]","{""src"": ""dependency_mapping"", ""port"": ""123"", ""num_packets"": 8}"
ip_dependency_client,10.100.58.58,81.25.28.124,1,"[""2023-03-10 18:26:05"",""2023-03-10 18:26:05""]","{""src"": ""dependency_mapping"", ""port"": ""123"", ""num_packets"": 8}"
ip_dependency_server,10.100.51.26,10.100.51.20,1,"[""2023-03-10 18:26:01"",""2023-03-10 18:26:11""]","{""src"": ""dependency_mapping"", ""port"": ""2210"", ""num_packets"": 20}"
ip_dependency_client,10.100.51.20,10.100.51.26,1,"[""2023-03-10 18:26:01"",""2023-03-10 18:26:11""]","{""src"": ""dependency_mapping"", ""port"": ""2210"", ""num_packets"": 20}"
ip_dependency_server,10.100.33.23,10.100.30.242,1,"[""2023-03-10 18:26:02"",""2023-03-10 18:26:02""]","{""src"": ""dependency_mapping"", ""port"": ""666"", ""num_packets"": 306}"
ip_dependency_client,10.100.30.242,10.100.33.23,1,"[""2023-03-10 18:26:02"",""2023-03-10 18:26:02""]","{""src"": ""dependency_mapping"", ""port"": ""666"", ""num_packets"": 306}"
ip_dependency_server,10.100.32.21,10.100.30.242,1,"[""2023-03-10 18:26:02"",""2023-03-10 18:26:02""]","{""src"": ""dependency_mapping"", ""port"": ""666"", ""num_packets"": 306}"
ip_dependency_client,10.100.30.242,10.100.32.21,1,"[""2023-03-10 18:26:02"",""2023-03-10 18:26:02""]","{""src"": ""dependency_mapping"", ""port"": ""666"", ""num_packets"": 306}"
ip_dependency_server,10.100.33.136,10.100.30.242,1,"[""2023-03-10 18:26:02"",""2023-03-10 18:26:02""]","{""src"": ""dependency_mapping"", ""port"": ""666"", ""num_packets"": 306}"
ip_dependency_client,10.100.30.242,10.100.33.136,1,"[""2023-03-10 18:26:02"",""2023-03-10 18:26:02""]","{""src"": ""dependency_mapping"", ""port"": ""666"", ""num_packets"": 306}"
ip_dependency_server,10.100.33.139,10.100.30.242,1,"[""2023-03-10 18:26:02"",""2023-03-10 18:26:02""]","{""src"": ""dependency_mapping"", ""port"": ""666"", ""num_packets"": 306}"
ip_dependency_client,10.100.30.242,10.100.33.139,1,"[""2023-03-10 18:26:02"",""2023-03-10 18:26:02""]","{""src"": ""dependency_mapping"", ""port"": ""666"", ""num_packets"": 306}"
ip_dependency_server,10.100.33.21,10.100.30.242,1,"[""2023-03-10 18:26:02"",""2023-03-10 18:26:02""]","{""src"": ""dependency_mapping"", ""port"": ""667"", ""num_packets"": 279}"
ip_dependency_client,10.100.30.242,10.100.33.21,1,"[""2023-03-10 18:26:02"",""2023-03-10 18:26:02""]","{""src"": ""dependency_mapping"", ""port"": ""667"", ""num_packets"": 279}"
ip_dependency_server,10.100.40.21,10.100.40.24,1,"[""2023-03-10 18:26:06"",""2023-03-10 18:26:11""]","{""src"": ""dependency_mapping"", ""port"": ""2210"", ""num_packets"": 30}"
ip_dependency_client,10.100.40.24,10.100.40.21,1,"[""2023-03-10 18:26:06"",""2023-03-10 18:26:11""]","{""src"": ""dependency_mapping"", ""port"": ""2210"", ""num_packets"": 30}"
ip_dependency_server,192.168.55.99,192.168.3.70,1,"[""2023-03-10 18:26:04"",""2023-03-10 18:26:14""]","{""src"": ""dependency_mapping"", ""port"": ""9080"", ""num_packets"": 52}"
ip_dependency_client,192.168.3.70,192.168.55.99,1,"[""2023-03-10 18:26:04"",""2023-03-10 18:26:14""]","{""src"": ""dependency_mapping"", ""port"": ""9080"", ""num_packets"": 52}"
ip_dependency_server,10.100.40.24,10.100.40.21,1,"[""2023-03-10 18:26:03"",""2023-03-10 18:26:13""]","{""src"": ""dependency_mapping"", ""port"": ""2210"", ""num_packets"": 20}"
ip_dependency_client,10.100.40.21,10.100.40.24,1,"[""2023-03-10 18:26:03"",""2023-03-10 18:26:13""]","{""src"": ""dependency_mapping"", ""port"": ""2210"", ""num_packets"": 20}"
ip_dependency_server,10.100.30.112,10.100.30.242,1,"[""2023-03-10 18:26:02"",""2023-03-10 18:26:02""]","{""src"": ""dependency_mapping"", ""port"": ""5555"", ""num_packets"": 279}"
ip_dependency_client,10.100.30.242,10.100.30.112,1,"[""2023-03-10 18:26:02"",""2023-03-10 18:26:02""]","{""src"": ""dependency_mapping"", ""port"": ""5555"", ""num_packets"": 279}"
ip_dependency_server,192.168.55.120,192.168.3.70,1,"[""2023-03-10 18:26:04"",""2023-03-10 18:26:14""]","{""src"": ""dependency_mapping"", ""port"": ""9080"", ""num_packets"": 53}"
ip_dependency_client,192.168.3.70,192.168.55.120,1,"[""2023-03-10 18:26:04"",""2023-03-10 18:26:14""]","{""src"": ""dependency_mapping"", ""port"": ""9080"", ""num_packets"": 53}"
ip_dependency_server,192.168.3.70,10.100.7.30,1,"[""2023-03-10 18:26:06"",""2023-03-10 18:26:06""]","{""src"": ""dependency_mapping"", ""port"": ""443"", ""num_packets"": 83}"
ip_dependency_client,10.100.7.30,192.168.3.70,1,"[""2023-03-10 18:26:06"",""2023-03-10 18:26:06""]","{""src"": ""dependency_mapping"", ""port"": ""443"", ""num_packets"": 83}"
ip_dependency_server,192.168.3.70,10.100.46.22,1,"[""2023-03-10 18:26:03"",""2023-03-10 18:26:03""]","{""src"": ""dependency_mapping"", ""port"": ""443"", ""num_packets"": 24}"
ip_dependency_client,10.100.46.22,192.168.3.70,1,"[""2023-03-10 18:26:03"",""2023-03-10 18:26:03""]","{""src"": ""dependency_mapping"", ""port"": ""443"", ""num_packets"": 24}"
ip_dependency_server,10.100.33.25,10.100.30.242,1,"[""2023-03-10 18:26:02"",""2023-03-10 18:26:02""]","{""src"": ""dependency_mapping"", ""port"": ""666"", ""num_packets"": 279}"
ip_dependency_client,10.100.30.242,10.100.33.25,1,"[""2023-03-10 18:26:02"",""2023-03-10 18:26:02""]","{""src"": ""dependency_mapping"", ""port"": ""666"", ""num_packets"": 279}"
ip_dependency_server,10.100.32.151,10.100.30.242,1,"[""2023-03-10 18:26:02"",""2023-03-10 18:26:02""]","{""src"": ""dependency_mapping"", ""port"": ""2222"", ""num_packets"": 279}"
ip_dependency_client,10.100.30.242,10.100.32.151,1,"[""2023-03-10 18:26:02"",""2023-03-10 18:26:02""]","{""src"": ""dependency_mapping"", ""port"": ""2222"", ""num_packets"": 279}"
ip_dependency_server,10.100.32.30,10.100.30.242,1,"[""2023-03-10 18:26:02"",""2023-03-10 18:26:02""]","{""src"": ""dependency_mapping"", ""port"": ""666"", ""num_packets"": 279}"
ip_dependency_client,10.100.30.242,10.100.32.30,1,"[""2023-03-10 18:26:02"",""2023-03-10 18:26:02""]","{""src"": ""dependency_mapping"", ""port"": ""666"", ""num_packets"": 279}"
ip_dependency_server,10.100.33.22,10.100.30.242,1,"[""2023-03-10 18:26:02"",""2023-03-10 18:26:02""]","{""src"": ""dependency_mapping"", ""port"": ""666"", ""num_packets"": 279}"
ip_dependency_client,10.100.30.242,10.100.33.22,1,"[""2023-03-10 18:26:02"",""2023-03-10 18:26:02""]","{""src"": ""dependency_mapping"", ""port"": ""666"", ""num_packets"": 279}"
ip_dependency_server,10.100.64.21,10.100.16.30,1,"[""2023-03-10 18:26:04"",""2023-03-10 18:26:14""]","{""src"": ""dependency_mapping"", ""port"": ""9080"", ""num_packets"": 48}"
ip_dependency_client,10.100.16.30,10.100.64.21,1,"[""2023-03-10 18:26:04"",""2023-03-10 18:26:14""]","{""src"": ""dependency_mapping"", ""port"": ""9080"", ""num_packets"": 48}"
ip_dependency_server,ff02::1:2,fe80::188a:c432:b369:d331,1,"[""2023-03-10 18:26:03"",""2023-03-10 18:26:03""]","{""src"": ""dependency_mapping"", ""port"": ""547"", ""num_packets"": 7}"
ip_dependency_client,fe80::188a:c432:b369:d331,ff02::1:2,1,"[""2023-03-10 18:26:03"",""2023-03-10 18:26:03""]","{""src"": ""dependency_mapping"", ""port"": ""547"", ""num_packets"": 7}"
ip_dependency_server,10.100.40.22,10.100.40.24,1,"[""2023-03-10 18:26:06"",""2023-03-10 18:26:06""]","{""src"": ""dependency_mapping"", ""port"": ""2210"", ""num_packets"": 30}"
ip_dependency_client,10.100.40.24,10.100.40.22,1,"[""2023-03-10 18:26:06"",""2023-03-10 18:26:06""]","{""src"": ""dependency_mapping"", ""port"": ""2210"", ""num_packets"": 30}"
ip_dependency_server,10.100.32.26,10.100.30.242,1,"[""2023-03-10 18:26:02"",""2023-03-10 18:26:02""]","{""src"": ""dependency_mapping"", ""port"": ""666"", ""num_packets"": 279}"
ip_dependency_client,10.100.30.242,10.100.32.26,1,"[""2023-03-10 18:26:02"",""2023-03-10 18:26:02""]","{""src"": ""dependency_mapping"", ""port"": ""666"", ""num_packets"": 279}"
ip_dependency_server,10.100.32.129,10.100.30.242,1,"[""2023-03-10 18:26:02"",""2023-03-10 18:26:02""]","{""src"": ""dependency_mapping"", ""port"": ""666"", ""num_packets"": 279}"
ip_dependency_client,10.100.30.242,10.100.32.129,1,"[""2023-03-10 18:26:02"",""2023-03-10 18:26:02""]","{""src"": ""dependency_mapping"", ""port"": ""666"", ""num_packets"": 279}"
ip_dependency_server,192.168.111.19,192.168.3.70,1,"[""2023-03-10 18:26:02"",""2023-03-10 18:26:12""]","{""src"": ""dependency_mapping"", ""port"": ""9080"", ""num_packets"": 49}"
ip_dependency_client,192.168.3.70,192.168.111.19,1,"[""2023-03-10 18:26:02"",""2023-03-10 18:26:12""]","{""src"": ""dependency_mapping"", ""port"": ""9080"", ""num_packets"": 49}"
ip_dependency_server,162.159.200.1,10.100.34.242,1,"[""2023-03-10 18:26:05"",""2023-03-10 18:26:05""]","{""src"": ""dependency_mapping"", ""port"": ""123"", ""num_packets"": 8}"
ip_dependency_client,10.100.34.242,162.159.200.1,1,"[""2023-03-10 18:26:05"",""2023-03-10 18:26:05""]","{""src"": ""dependency_mapping"", ""port"": ""123"", ""num_packets"": 8}"
ip_dependency_server,10.100.7.26,192.168.3.70,1,"[""2023-03-10 18:26:06"",""2023-03-10 18:26:06""]","{""src"": ""dependency_mapping"", ""port"": ""389"", ""num_packets"": 78}"
ip_dependency_client,192.168.3.70,10.100.7.26,1,"[""2023-03-10 18:26:06"",""2023-03-10 18:26:06""]","{""src"": ""dependency_mapping"", ""port"": ""389"", ""num_packets"": 78}"
ip_dependency_server,162.159.200.1,10.100.58.58,1,"[""2023-03-10 18:26:05"",""2023-03-10 18:26:05""]","{""src"": ""dependency_mapping"", ""port"": ""123"", ""num_packets"": 8}"
ip_dependency_client,10.100.58.58,162.159.200.1,1,"[""2023-03-10 18:26:05"",""2023-03-10 18:26:05""]","{""src"": ""dependency_mapping"", ""port"": ""123"", ""num_packets"": 8}"
ip_dependency_server,78.108.102.237,10.100.58.58,1,"[""2023-03-10 18:26:05"",""2023-03-10 18:26:05""]","{""src"": ""dependency_mapping"", ""port"": ""123"", ""num_packets"": 4}"
ip_dependency_client,10.100.58.58,78.108.102.237,1,"[""2023-03-10 18:26:05"",""2023-03-10 18:26:05""]","{""src"": ""dependency_mapping"", ""port"": ""123"", ""num_packets"": 4}"
ip_dependency_server,78.108.102.237,10.100.34.242,1,"[""2023-03-10 18:26:06"",""2023-03-10 18:26:06""]","{""src"": ""dependency_mapping"", ""port"": ""123"", ""num_packets"": 4}"
ip_dependency_client,10.100.34.242,78.108.102.237,1,"[""2023-03-10 18:26:06"",""2023-03-10 18:26:06""]","{""src"": ""dependency_mapping"", ""port"": ""123"", ""num_packets"": 4}"
ip_dependency_server,ff02::1:2,fe80::fc2f:165d:614f:1f4e,1,"[""2023-03-10 18:26:05"",""2023-03-10 18:26:05""]","{""src"": ""dependency_mapping"", ""port"": ""547"", ""num_packets"": 2}"
ip_dependency_client,fe80::fc2f:165d:614f:1f4e,ff02::1:2,1,"[""2023-03-10 18:26:05"",""2023-03-10 18:26:05""]","{""src"": ""dependency_mapping"", ""port"": ""547"", ""num_packets"": 2}"
ip_dependency_server,10.100.58.58,10.10.9.17,1,"[""2023-03-10 18:26:10"",""2023-03-10 18:26:10""]","{""src"": ""dependency_mapping"", ""port"": ""443"", ""num_packets"": 26}"
ip_dependency_client,10.10.9.17,10.100.58.58,1,"[""2023-03-10 18:26:10"",""2023-03-10 18:26:10""]","{""src"": ""dependency_mapping"", ""port"": ""443"", ""num_packets"": 26}"
ip_dependency_server,ff02::1:2,fe80::250:56ff:febf:f78c,1,"[""2023-03-10 18:26:08"",""2023-03-10 18:26:08""]","{""src"": ""dependency_mapping"", ""port"": ""547"", ""num_packets"": 2}"
ip_dependency_client,fe80::250:56ff:febf:f78c,ff02::1:2,1,"[""2023-03-10 18:26:08"",""2023-03-10 18:26:08""]","{""src"": ""dependency_mapping"", ""port"": ""547"", ""num_packets"": 2}"
ip_dependency_server,192.168.55.12,192.168.3.70,1,"[""2023-03-10 18:26:08"",""2023-03-10 18:26:08""]","{""src"": ""dependency_mapping"", ""port"": ""9080"", ""num_packets"": 25}"
ip_dependency_client,192.168.3.70,192.168.55.12,1,"[""2023-03-10 18:26:08"",""2023-03-10 18:26:08""]","{""src"": ""dependency_mapping"", ""port"": ""9080"", ""num_packets"": 25}"
ip_dependency_server,10.100.42.78,10.100.28.41,1,"[""2023-03-10 18:26:43"",""2023-03-10 18:26:43""]","{""src"": ""dependency_mapping"", ""port"": ""22"", ""num_packets"": 600}"
ip_dependency_client,10.100.28.41,10.100.42.78,1,"[""2023-03-10 18:26:43"",""2023-03-10 18:26:43""]","{""src"": ""dependency_mapping"", ""port"": ""22"", ""num_packets"": 600}"
ip_dependency_server,78.108.102.237,10.100.56.157,1,"[""2023-03-10 18:26:14"",""2023-03-10 18:26:14""]","{""src"": ""dependency_mapping"", ""port"": ""123"", ""num_packets"": 4}"
ip_dependency_client,10.100.56.157,78.108.102.237,1,"[""2023-03-10 18:26:14"",""2023-03-10 18:26:14""]","{""src"": ""dependency_mapping"", ""port"": ""123"", ""num_packets"": 4}"
ip_dependency_server,162.159.200.1,10.100.56.157,1,"[""2023-03-10 18:26:14"",""2023-03-10 18:26:14""]","{""src"": ""dependency_mapping"", ""port"": ""123"", ""num_packets"": 8}"
ip_dependency_client,10.100.56.157,162.159.200.1,1,"[""2023-03-10 18:26:14"",""2023-03-10 18:26:14""]","{""src"": ""dependency_mapping"", ""port"": ""123"", ""num_packets"": 8}"
ip_dependency_server,192.168.55.120,192.168.3.70,1,"[""2023-03-10 18:26:15"",""2023-03-10 18:26:15""]","{""src"": ""dependency_mapping"", ""port"": ""443"", ""num_packets"": 10}"
ip_dependency_client,192.168.3.70,192.168.55.120,1,"[""2023-03-10 18:26:15"",""2023-03-10 18:26:15""]","{""src"": ""dependency_mapping"", ""port"": ""443"", ""num_packets"": 10}"
ip_dependency_server,162.159.200.1,10.100.42.53,1,"[""2023-03-10 18:26:16"",""2023-03-10 18:26:16""]","{""src"": ""dependency_mapping"", ""port"": ""123"", ""num_packets"": 8}"
ip_dependency_client,10.100.42.53,162.159.200.1,1,"[""2023-03-10 18:26:16"",""2023-03-10 18:26:16""]","{""src"": ""dependency_mapping"", ""port"": ""123"", ""num_packets"": 8}"
ip_dependency_server,255.255.255.255,0.0.0.0,1,"[""2023-03-10 18:26:08"",""2023-03-10 18:26:08""]","{""src"": ""dependency_mapping"", ""port"": ""67"", ""num_packets"": 2}"
ip_dependency_client,0.0.0.0,255.255.255.255,1,"[""2023-03-10 18:26:08"",""2023-03-10 18:26:08""]","{""src"": ""dependency_mapping"", ""port"": ""67"", ""num_packets"": 2}"
ip_dependency_server,10.100.51.26,10.100.51.25,1,"[""2023-03-10 18:26:10"",""2023-03-10 18:26:10""]","{""src"": ""dependency_mapping"", ""port"": ""2210"", ""num_packets"": 10}"
ip_dependency_client,10.100.51.25,10.100.51.26,1,"[""2023-03-10 18:26:10"",""2023-03-10 18:26:10""]","{""src"": ""dependency_mapping"", ""port"": ""2210"", ""num_packets"": 10}"
ip_dependency_server,ff02::1:2,fe80::250:56ff:febf:c39,1,"[""2023-03-10 18:26:11"",""2023-03-10 18:26:11""]","{""src"": ""dependency_mapping"", ""port"": ""547"", ""num_packets"": 2}"
ip_dependency_client,fe80::250:56ff:febf:c39,ff02::1:2,1,"[""2023-03-10 18:26:11"",""2023-03-10 18:26:11""]","{""src"": ""dependency_mapping"", ""port"": ""547"", ""num_packets"": 2}"
ip_dependency_server,78.108.102.237,10.100.42.53,1,"[""2023-03-10 18:26:16"",""2023-03-10 18:26:16""]","{""src"": ""dependency_mapping"", ""port"": ""123"", ""num_packets"": 4}"
ip_dependency_client,10.100.42.53,78.108.102.237,1,"[""2023-03-10 18:26:16"",""2023-03-10 18:26:16""]","{""src"": ""dependency_mapping"", ""port"": ""123"", ""num_packets"": 4}"
ip_dependency_server,10.100.56.50,10.100.56.51,1,"[""2023-03-10 18:26:11"",""2023-03-10 18:26:11""]","{""src"": ""dependency_mapping"", ""port"": ""2210"", ""num_packets"": 10}"
ip_dependency_client,10.100.56.51,10.100.56.50,1,"[""2023-03-10 18:26:11"",""2023-03-10 18:26:11""]","{""src"": ""dependency_mapping"", ""port"": ""2210"", ""num_packets"": 10}"
ip_dependency_server,ff02::1:2,fe80::210:74ff:fe67:47a6,1,"[""2023-03-10 18:26:15"",""2023-03-10 18:26:15""]","{""src"": ""dependency_mapping"", ""port"": ""547"", ""num_packets"": 2}"
ip_dependency_client,fe80::210:74ff:fe67:47a6,ff02::1:2,1,"[""2023-03-10 18:26:15"",""2023-03-10 18:26:15""]","{""src"": ""dependency_mapping"", ""port"": ""547"", ""num_packets"": 2}"
ip_dependency_server,77.48.28.248,10.100.42.54,1,"[""2023-03-10 18:26:15"",""2023-03-10 18:26:15""]","{""src"": ""dependency_mapping"", ""port"": ""123"", ""num_packets"": 2}"
ip_dependency_client,10.100.42.54,77.48.28.248,1,"[""2023-03-10 18:26:15"",""2023-03-10 18:26:15""]","{""src"": ""dependency_mapping"", ""port"": ""123"", ""num_packets"": 2}"
ip_dependency_server,10.100.42.54,77.48.28.248,1,"[""2023-03-10 18:26:15"",""2023-03-10 18:26:15""]","{""src"": ""dependency_mapping"", ""port"": ""123"", ""num_packets"": 2}"
ip_dependency_client,77.48.28.248,10.100.42.54,1,"[""2023-03-10 18:26:15"",""2023-03-10 18:26:15""]","{""src"": ""dependency_mapping"", ""port"": ""123"", ""num_packets"": 2}"
ip_dependency_server,78.108.102.237,10.100.56.31,1,"[""2023-03-10 18:26:15"",""2023-03-10 18:26:15""]","{""src"": ""dependency_mapping"", ""port"": ""123"", ""num_packets"": 4}"
ip_dependency_client,10.100.56.31,78.108.102.237,1,"[""2023-03-10 18:26:15"",""2023-03-10 18:26:15""]","{""src"": ""dependency_mapping"", ""port"": ""123"", ""num_packets"": 4}"
ip_dependency_server,162.159.200.1,10.100.56.31,1,"[""2023-03-10 18:26:15"",""2023-03-10 18:26:15""]","{""src"": ""dependency_mapping"", ""port"": ""123"", ""num_packets"": 8}"
ip_dependency_client,10.100.56.31,162.159.200.1,1,"[""2023-03-10 18:26:15"",""2023-03-10 18:26:15""]","{""src"": ""dependency_mapping"", ""port"": ""123"", ""num_packets"": 8}"
ip_dependency_server,192.168.55.106,192.168.3.70,1,"[""2023-03-10 18:26:13"",""2023-03-10 18:26:13""]","{""src"": ""dependency_mapping"", ""port"": ""443"", ""num_packets"": 25}"
ip_dependency_client,192.168.3.70,192.168.55.106,1,"[""2023-03-10 18:26:13"",""2023-03-10 18:26:13""]","{""src"": ""dependency_mapping"", ""port"": ""443"", ""num_packets"": 25}"
ip_dependency_server,162.159.200.123,10.100.56.157,1,"[""2023-03-10 18:26:15"",""2023-03-10 18:26:15""]","{""src"": ""dependency_mapping"", ""port"": ""123"", ""num_packets"": 8}"
ip_dependency_client,10.100.56.157,162.159.200.123,1,"[""2023-03-10 18:26:15"",""2023-03-10 18:26:15""]","{""src"": ""dependency_mapping"", ""port"": ""123"", ""num_packets"": 8}"
ip_dependency_server,78.108.102.237,10.100.42.22,1,"[""2023-03-10 18:26:17"",""2023-03-10 18:26:17""]","{""src"": ""dependency_mapping"", ""port"": ""123"", ""num_packets"": 4}"
ip_dependency_client,10.100.42.22,78.108.102.237,1,"[""2023-03-10 18:26:17"",""2023-03-10 18:26:17""]","{""src"": ""dependency_mapping"", ""port"": ""123"", ""num_packets"": 4}"
ip_dependency_server,78.108.102.237,10.100.38.242,1,"[""2023-03-10 18:26:16"",""2023-03-10 18:26:16""]","{""src"": ""dependency_mapping"", ""port"": ""123"", ""num_packets"": 4}"
ip_dependency_client,10.100.38.242,78.108.102.237,1,"[""2023-03-10 18:26:16"",""2023-03-10 18:26:16""]","{""src"": ""dependency_mapping"", ""port"": ""123"", ""num_packets"": 4}"
ip_dependency_server,81.25.28.124,10.100.56.157,1,"[""2023-03-10 18:26:14"",""2023-03-10 18:26:14""]","{""src"": ""dependency_mapping"", ""port"": ""123"", ""num_packets"": 8}"
ip_dependency_client,10.100.56.157,81.25.28.124,1,"[""2023-03-10 18:26:14"",""2023-03-10 18:26:14""]","{""src"": ""dependency_mapping"", ""port"": ""123"", ""num_packets"": 8}"
ip_dependency_server,10.100.32.26,10.100.32.28,1,"[""2023-03-10 18:26:13"",""2023-03-10 18:26:13""]","{""src"": ""dependency_mapping"", ""port"": ""2210"", ""num_packets"": 10}"
ip_dependency_client,10.100.32.28,10.100.32.26,1,"[""2023-03-10 18:26:13"",""2023-03-10 18:26:13""]","{""src"": ""dependency_mapping"", ""port"": ""2210"", ""num_packets"": 10}"
ip_dependency_server,162.159.200.1,10.100.42.22,1,"[""2023-03-10 18:26:16"",""2023-03-10 18:26:16""]","{""src"": ""dependency_mapping"", ""port"": ""123"", ""num_packets"": 8}"
ip_dependency_client,10.100.42.22,162.159.200.1,1,"[""2023-03-10 18:26:16"",""2023-03-10 18:26:16""]","{""src"": ""dependency_mapping"", ""port"": ""123"", ""num_packets"": 8}"
ip_dependency_server,162.159.200.1,10.100.38.242,1,"[""2023-03-10 18:26:16"",""2023-03-10 18:26:16""]","{""src"": ""dependency_mapping"", ""port"": ""123"", ""num_packets"": 8}"
ip_dependency_client,10.100.38.242,162.159.200.1,1,"[""2023-03-10 18:26:16"",""2023-03-10 18:26:16""]","{""src"": ""dependency_mapping"", ""port"": ""123"", ""num_packets"": 8}"
ip_dependency_server,81.25.28.124,10.100.42.53,1,"[""2023-03-10 18:26:15"",""2023-03-10 18:26:15""]","{""src"": ""dependency_mapping"", ""port"": ""123"", ""num_packets"": 8}"
ip_dependency_client,10.100.42.53,81.25.28.124,1,"[""2023-03-10 18:26:15"",""2023-03-10 18:26:15""]","{""src"": ""dependency_mapping"", ""port"": ""123"", ""num_packets"": 8}"
ip_dependency_server,162.159.200.123,10.100.42.53,1,"[""2023-03-10 18:26:16"",""2023-03-10 18:26:16""]","{""src"": ""dependency_mapping"", ""port"": ""123"", ""num_packets"": 8}"
ip_dependency_client,10.100.42.53,162.159.200.123,1,"[""2023-03-10 18:26:16"",""2023-03-10 18:26:16""]","{""src"": ""dependency_mapping"", ""port"": ""123"", ""num_packets"": 8}"
ip_dependency_server,ff02::1:2,fe80::e2e3:36d5:69c4:e4c4,1,"[""2023-03-10 18:26:18"",""2023-03-10 18:26:18""]","{""src"": ""dependency_mapping"", ""port"": ""547"", ""num_packets"": 2}"
ip_dependency_client,fe80::e2e3:36d5:69c4:e4c4,ff02::1:2,1,"[""2023-03-10 18:26:18"",""2023-03-10 18:26:18""]","{""src"": ""dependency_mapping"", ""port"": ""547"", ""num_packets"": 2}"
ip_dependency_server,162.159.200.123,10.100.56.31,1,"[""2023-03-10 18:26:15"",""2023-03-10 18:26:15""]","{""src"": ""dependency_mapping"", ""port"": ""123"", ""num_packets"": 8}"
ip_dependency_client,10.100.56.31,162.159.200.123,1,"[""2023-03-10 18:26:15"",""2023-03-10 18:26:15""]","{""src"": ""dependency_mapping"", ""port"": ""123"", ""num_packets"": 8}"
ip_dependency_server,81.25.28.124,10.100.56.31,1,"[""2023-03-10 18:26:14"",""2023-03-10 18:26:14""]","{""src"": ""dependency_mapping"", ""port"": ""123"", ""num_packets"": 8}"
ip_dependency_client,10.100.56.31,81.25.28.124,1,"[""2023-03-10 18:26:14"",""2023-03-10 18:26:14""]","{""src"": ""dependency_mapping"", ""port"": ""123"", ""num_packets"": 8}"
ip_dependency_server,162.159.200.1,10.100.51.26,1,"[""2023-03-10 18:26:21"",""2023-03-10 18:26:21""]","{""src"": ""dependency_mapping"", ""port"": ""123"", ""num_packets"": 8}"
ip_dependency_client,10.100.51.26,162.159.200.1,1,"[""2023-03-10 18:26:21"",""2023-03-10 18:26:21""]","{""src"": ""dependency_mapping"", ""port"": ""123"", ""num_packets"": 8}"
ip_dependency_server,162.159.200.123,10.100.38.242,1,"[""2023-03-10 18:26:16"",""2023-03-10 18:26:16""]","{""src"": ""dependency_mapping"", ""port"": ""123"", ""num_packets"": 8}"
ip_dependency_client,10.100.38.242,162.159.200.123,1,"[""2023-03-10 18:26:16"",""2023-03-10 18:26:16""]","{""src"": ""dependency_mapping"", ""port"": ""123"", ""num_packets"": 8}"
ip_dependency_server,162.159.200.123,10.100.42.22,1,"[""2023-03-10 18:26:17"",""2023-03-10 18:26:17""]","{""src"": ""dependency_mapping"", ""port"": ""123"", ""num_packets"": 4}"
ip_dependency_client,10.100.42.22,162.159.200.123,1,"[""2023-03-10 18:26:17"",""2023-03-10 18:26:17""]","{""src"": ""dependency_mapping"", ""port"": ""123"", ""num_packets"": 4}"
http_useragent,52.1.34.202,"Mozilla/5.0 (X11; Linux x86_64) AppleWebKit/537.36 (KHTML, like Gecko) Headless",1,"[""2023-03-10 18:26:30"",""2023-03-10 18:26:58""]","{""src"": ""http_useragent""}"
http_useragent,10.100.46.22,Prometheus/2.46.0,1,"[""2023-03-10 18:26:30"",""2023-03-10 18:26:58""]","{""src"": ""http_useragent""}"
in_flow_tags,2a00:fea0:dead::beef,NETWORKSERVICE:ntp,1,"[""2023-03-10 18:26:17"",""2023-03-10 18:26:17""]","{""src"": ""flow_classifier""}"
in_flow_tags,2606:4700:50::adf5:3a87,NETWORKSERVICE:ntp,1,"[""2023-03-10 18:26:27"",""2023-03-10 18:26:27""]","{""src"": ""flow_classifier""}"
in_flow_tags,2600:9000:5302:ec00::1,NETWORKSERVICE:ntp,1,"[""2023-03-10 18:26:17"",""2023-03-10 18:26:18""]","{""src"": ""flow_classifier""}"
in_flow_tags,2a02:598:4444::4,NETWORKSERVICE:ntp,1,"[""2023-03-10 18:26:23"",""2023-03-10 18:26:23""]","{""src"": ""flow_classifier""}"
in_flow_tags,2001:19f0:5001:1caf:5400:1ff:fec5:8d50,NETWORKSERVICE:ntp,1,"[""2023-03-10 18:26:17"",""2023-03-10 18:26:17""]","{""src"": ""flow_classifier""}"
in_flow_tags,2603:1061:0:700::9,NETWORKSERVICE:ntp,1,"[""2023-03-10 18:26:20"",""2023-03-10 18:26:20""]","{""src"": ""flow_classifier""}"
in_flow_tags,10.99.28.25,WEB:https,1,"[""2023-03-10 18:26:03"",""2023-03-10 18:26:19""]","{""src"": ""flow_classifier""}"
in_flow_tags,10.100.42.22,NETWORKSERVICE:ntp,1,"[""2023-03-10 18:26:10"",""2023-03-10 18:26:17""]","{""src"": ""flow_classifier""}"
in_flow_tags,2603:1061:0:700::3,NETWORKSERVICE:ntp,1,"[""2023-03-10 18:26:14"",""2023-03-10 18:26:14""]","{""src"": ""flow_classifier""}"
in_flow_tags,10.100.32.143,NETWORKSERVICE:ntp,1,"[""2023-03-10 18:26:13"",""2023-03-10 18:26:13""]","{""src"": ""flow_classifier""}"
in_flow_tags,2620:1ec:bda:700::1,NETWORKSERVICE:ntp,1,"[""2023-03-10 18:26:14"",""2023-03-10 18:26:14""]","{""src"": ""flow_classifier""}"
in_flow_tags,10.100.52.21,NETWORKSERVICE:ntp,1,"[""2023-03-10 18:26:47"",""2023-03-10 18:26:47""]","{""src"": ""flow_classifier""}"
in_flow_tags,10.100.56.31,NETWORKSERVICE:ntp,1,"[""2023-03-10 18:26:08"",""2023-03-10 18:26:15""]","{""src"": ""flow_classifier""}"
in_flow_tags,2a01:8840:9e::17,NETWORKSERVICE:ntp,1,"[""2023-03-10 18:26:21"",""2023-03-10 18:26:21""]","{""src"": ""flow_classifier""}"
in_flow_tags,10.100.42.54,NETWORKSERVICE:ntp,1,"[""2023-03-10 18:26:14"",""2023-03-10 18:26:24""]","{""src"": ""flow_classifier""}"
in_flow_tags,10.100.51.25,NETWORKSERVICE:dns,1,"[""2023-03-10 18:26:10"",""2023-03-10 18:26:20""]","{""src"": ""flow_classifier""}"
in_flow_tags,255.255.255.255,NETWORKSERVICE:ntp,1,"[""2023-03-10 18:26:08"",""2023-03-10 18:26:08""]","{""src"": ""flow_classifier""}"
in_flow_tags,2001:13c7:7002:3000::14,NETWORKSERVICE:ntp,1,"[""2023-03-10 18:26:23"",""2023-03-10 18:26:23""]","{""src"": ""flow_classifier""}"
in_flow_tags,2603:1061:0:700::c9,NETWORKSERVICE:ntp,1,"[""2023-03-10 18:26:10"",""2023-03-10 18:26:10""]","{""src"": ""flow_classifier""}"
in_flow_tags,10.100.42.78,REMOTE:ssh,1,"[""2023-03-10 18:20:43"",""2023-03-10 18:26:43""]","{""src"": ""flow_classifier""}"
in_flow_tags,10.100.28.41,WEB:https,1,"[""2023-03-10 18:20:43"",""2023-03-10 18:26:51""]","{""src"": ""flow_classifier""}"
in_flow_tags,10.100.28.41,REMOTE:telnet,1,"[""2023-03-10 18:20:43"",""2023-03-10 18:26:51""]","{""src"": ""flow_classifier""}"
in_flow_tags,10.100.28.41,NETWORKSERVICE:ntp,1,"[""2023-03-10 18:20:43"",""2023-03-10 18:26:51""]","{""src"": ""flow_classifier""}"
in_flow_tags,2001:500:48::1,NETWORKSERVICE:ntp,1,"[""2023-03-10 18:26:06"",""2023-03-10 18:26:06""]","{""src"": ""flow_classifier""}"
in_flow_tags,2001:500:127::30,NETWORKSERVICE:ntp,1,"[""2023-03-10 18:26:09"",""2023-03-10 18:26:09""]","{""src"": ""flow_classifier""}"
in_flow_tags,10.100.44.21,WEB:http,1,"[""2023-03-10 18:26:21"",""2023-03-10 18:26:21""]","{""src"": ""flow_classifier""}"
in_flow_tags,2600:9000:5305:f600::1,NETWORKSERVICE:ntp,1,"[""2023-03-10 18:26:06"",""2023-03-10 18:26:06""]","{""src"": ""flow_classifier""}"
in_flow_tags,2a01:111:4000:700::2,NETWORKSERVICE:ntp,1,"[""2023-03-10 18:26:14"",""2023-03-10 18:26:14""]","{""src"": ""flow_classifier""}"
in_flow_tags,2600:9000:5302:6f00::1,NETWORKSERVICE:ntp,1,"[""2023-03-10 18:26:11"",""2023-03-10 18:26:11""]","{""src"": ""flow_classifier""}"
in_flow_tags,77.48.28.248,NETWORKSERVICE:ntp,1,"[""2023-03-10 18:26:11"",""2023-03-10 18:26:15""]","{""src"": ""flow_classifier""}"
in_flow_tags,192.168.3.70,MAIL:pop3,1,"[""2023-03-10 18:20:45"",""2023-03-10 18:26:24""]","{""src"": ""flow_classifier""}"
in_flow_tags,192.168.3.70,WEB:https,1,"[""2023-03-10 18:20:45"",""2023-03-10 18:26:24""]","{""src"": ""flow_classifier""}"
in_flow_tags,192.168.3.70,NETWORKSERVICE:ntp,1,"[""2023-03-10 18:20:45"",""2023-03-10 18:26:24""]","{""src"": ""flow_classifier""}"
in_flow_tags,192.168.3.70,MAIL:smtp,1,"[""2023-03-10 18:20:45"",""2023-03-10 18:26:24""]","{""src"": ""flow_classifier""}"
in_flow_tags,2603:1061:0:700::4,NETWORKSERVICE:ntp,1,"[""2023-03-10 18:26:16"",""2023-03-10 18:26:16""]","{""src"": ""flow_classifier""}"
in_flow_tags,10.100.34.242,NETWORKSERVICE:ntp,1,"[""2023-03-10 18:25:59"",""2023-03-10 18:26:25""]","{""src"": ""flow_classifier""}"
in_flow_tags,2603:1061:0:10::c9,NETWORKSERVICE:ntp,1,"[""2023-03-10 18:26:01"",""2023-03-10 18:26:01""]","{""src"": ""flow_classifier""}"
in_flow_tags,81.25.28.124,NETWORKSERVICE:ntp,1,"[""2023-03-10 18:25:59"",""2023-03-10 18:26:23""]","{""src"": ""flow_classifier""}"
in_flow_tags,162.159.200.123,NETWORKSERVICE:ntp,1,"[""2023-03-10 18:26:00"",""2023-03-10 18:26:24""]","{""src"": ""flow_classifier""}"
in_flow_tags,192.168.55.120,WEB:https,1,"[""2023-03-10 18:20:45"",""2023-03-10 18:26:24""]","{""src"": ""flow_classifier""}"
in_flow_tags,192.168.55.106,WEB:https,1,"[""2023-03-10 18:20:54"",""2023-03-10 18:26:24""]","{""src"": ""flow_classifier""}"
in_flow_tags,10.100.46.22,WEB:https,1,"[""2023-03-10 18:26:03"",""2023-03-10 18:26:18""]","{""src"": ""flow_classifier""}"
in_flow_tags,2607:f740:e61a:8::1,NETWORKSERVICE:ntp,1,"[""2023-03-10 18:25:59"",""2023-03-10 18:25:59""]","{""src"": ""flow_classifier""}"
in_flow_tags,2001:67c:1bc::100,NETWORKSERVICE:ntp,1,"[""2023-03-10 18:26:17"",""2023-03-10 18:26:17""]","{""src"": ""flow_classifier""}"
in_flow_tags,10.100.50.144,WEB:https,1,"[""2023-03-10 18:26:00"",""2023-03-10 18:26:50""]","{""src"": ""flow_classifier""}"
in_flow_tags,10.100.50.144,NETWORKSERVICE:ntp,1,"[""2023-03-10 18:26:00"",""2023-03-10 18:26:50""]","{""src"": ""flow_classifier""}"
in_flow_tags,10.100.16.22,NETWORKSERVICE:ntp,1,"[""2023-03-10 18:26:00"",""2023-03-10 18:26:50""]","{""src"": ""flow_classifier""}"
in_flow_tags,10.100.16.21,NETWORKSERVICE:ntp,1,"[""2023-03-10 18:26:00"",""2023-03-10 18:26:50""]","{""src"": ""flow_classifier""}"
in_flow_tags,2a03:b0c0:3:d0::493:3001,NETWORKSERVICE:ntp,1,"[""2023-03-10 18:26:22"",""2023-03-10 18:26:22""]","{""src"": ""flow_classifier""}"
in_flow_tags,2620:1ec:bda:700::3,NETWORKSERVICE:ntp,1,"[""2023-03-10 18:26:15"",""2023-03-10 18:26:15""]","{""src"": ""flow_classifier""}"
in_flow_tags,10.100.51.26,NETWORKSERVICE:ntp,1,"[""2023-03-10 18:20:52"",""2023-03-10 18:26:28""]","{""src"": ""flow_classifier""}"
in_flow_tags,10.100.32.26,NETWORKSERVICE:dns,1,"[""2023-03-10 09:17:41"",""2023-03-10 18:26:20""]","{""src"": ""flow_classifier""}"
in_flow_tags,10.100.58.58,WEB:https,1,"[""2023-03-10 18:25:55"",""2023-03-10 18:26:46""]","{""src"": ""flow_classifier""}"
in_flow_tags,10.100.58.58,NETWORKSERVICE:ntp,1,"[""2023-03-10 18:25:55"",""2023-03-10 18:26:46""]","{""src"": ""flow_classifier""}"
in_flow_tags,10.100.64.21,WEB:https,1,"[""2023-03-10 18:25:41"",""2023-03-10 18:26:25""]","{""src"": ""flow_classifier""}"
in_flow_tags,10.100.51.20,NETWORKSERVICE:dns,1,"[""2023-03-10 18:26:01"",""2023-03-10 18:26:11""]","{""src"": ""flow_classifier""}"
in_flow_tags,2001:678:f::1,NETWORKSERVICE:ntp,1,"[""2023-03-10 18:26:07"",""2023-03-10 18:26:07""]","{""src"": ""flow_classifier""}"
in_flow_tags,2620:1ec:8ec:10::c9,NETWORKSERVICE:ntp,1,"[""2023-03-10 18:26:20"",""2023-03-10 18:26:20""]","{""src"": ""flow_classifier""}"
in_flow_tags,10.100.7.30,WEB:https,1,"[""2023-03-10 18:26:06"",""2023-03-10 18:26:06""]","{""src"": ""flow_classifier""}"
in_flow_tags,41.63.96.128,WEB:http,1,"[""2023-03-10 18:26:21"",""2023-03-10 18:26:21""]","{""src"": ""flow_classifier""}"
in_flow_tags,10.100.38.69,NETWORKSERVICE:ntp,1,"[""2023-03-10 18:26:05"",""2023-03-10 18:26:23""]","{""src"": ""flow_classifier""}"
in_flow_tags,10.10.9.17,WEB:https,1,"[""2023-03-10 18:25:55"",""2023-03-10 18:26:10""]","{""src"": ""flow_classifier""}"
in_flow_tags,10.100.56.157,NETWORKSERVICE:ntp,1,"[""2023-03-10 18:26:08"",""2023-03-10 18:26:15""]","{""src"": ""flow_classifier""}"
in_flow_tags,192.168.3.254,NETWORKSERVICE:ntp,1,"[""2023-03-10 18:26:00"",""2023-03-10 18:26:23""]","{""src"": ""flow_classifier""}"
in_flow_tags,ff02::1:2,NETWORKSERVICE:ntp,1,"[""2023-03-10 18:25:00"",""2023-03-10 18:26:18""]","{""src"": ""flow_classifier""}"
in_flow_tags,10.100.16.30,NETWORKSERVICE:ntp,1,"[""2023-03-10 18:25:41"",""2023-03-10 18:26:25""]","{""src"": ""flow_classifier""}"
in_flow_tags,10.100.16.30,WEB:https,1,"[""2023-03-10 18:25:41"",""2023-03-10 18:26:25""]","{""src"": ""flow_classifier""}"
in_flow_tags,10.100.16.30,MAIL:pop3,1,"[""2023-03-10 18:25:41"",""2023-03-10 18:26:25""]","{""src"": ""flow_classifier""}"
in_flow_tags,2620:1ec:bda:700::4,NETWORKSERVICE:ntp,1,"[""2023-03-10 18:26:15"",""2023-03-10 18:26:15""]","{""src"": ""flow_classifier""}"
in_flow_tags,2620:1ec:8ec:10::20,NETWORKSERVICE:ntp,1,"[""2023-03-10 18:26:25"",""2023-03-10 18:26:25""]","{""src"": ""flow_classifier""}"
in_flow_tags,10.100.24.69,NETWORKSERVICE:ntp,1,"[""2023-03-10 18:26:12"",""2023-03-10 18:26:22""]","{""src"": ""flow_classifier""}"
in_flow_tags,10.100.42.53,NETWORKSERVICE:ntp,1,"[""2023-03-10 18:26:09"",""2023-03-10 18:26:16""]","{""src"": ""flow_classifier""}"
in_flow_tags,10.100.38.242,NETWORKSERVICE:ntp,1,"[""2023-03-10 18:26:05"",""2023-03-10 18:26:16""]","{""src"": ""flow_classifier""}"
in_flow_tags,10.100.2.9,NETWORKSERVICE:ntp,1,"[""2023-03-10 18:26:00"",""2023-03-10 18:26:51""]","{""src"": ""flow_classifier""}"
in_flow_tags,78.108.102.237,NETWORKSERVICE:ntp,1,"[""2023-03-10 18:25:59"",""2023-03-10 18:26:22""]","{""src"": ""flow_classifier""}"
in_flow_tags,162.159.200.1,NETWORKSERVICE:ntp,1,"[""2023-03-10 18:25:59"",""2023-03-10 18:26:21""]","{""src"": ""flow_classifier""}"
in_flow_tags,10.100.40.21,dns,1,"[""2023-03-10 18:26:03"",""2023-03-10 18:26:23""]","{""src"": ""flow_classifier""}"
open_ports,20.90.152.133,{443},1,"[""2023-03-10 18:26:33"",""2023-03-10 18:26:33""]","{""src"": ""service_labels""}"
open_ports,216.229.4.69,{123},1,"[""2023-03-10 18:26:32"",""2023-03-10 18:26:32""]","{""src"": ""service_labels""}"
open_ports,5.161.111.190,{123},1,"[""2023-03-10 18:26:32"",""2023-03-10 18:26:32""]","{""src"": ""service_labels""}"
open_ports,52.236.186.222,{443},1,"[""2023-03-10 18:26:34"",""2023-03-10 18:26:34""]","{""src"": ""service_labels""}"
open_ports,fe80::250:56ff:fe92:120e,{546},1,"[""2023-03-10 18:26:42"",""2023-03-10 18:26:42""]","{""src"": ""service_labels""}"
open_ports,ff02::1:2,{547},1,"[""2023-03-10 18:26:42"",""2023-03-10 18:26:42""]","{""src"": ""service_labels""}"
tags_by_services,10.100.50.144,"{""WEB Server:443""}",1,"[""2023-03-10 18:26:19"",""2023-03-10 18:26:36""]","{""src"": ""service_labels""}"
tags_by_services,10.100.28.41,"{""WEB Server:443""}",1,"[""2023-03-10 18:26:16"",""2023-03-10 18:26:31""]","{""src"": ""service_labels""}"
tags_by_services,162.159.200.1,"{""Time Server:123""}",1,"[""2023-03-10 18:26:21"",""2023-03-10 18:26:40""]","{""src"": ""service_labels""}"
tags_by_services,162.159.200.123,"{""Time Server:123""}",1,"[""2023-03-10 18:26:16"",""2023-03-10 18:26:42""]","{""src"": ""service_labels""}"
tags_by_services,81.25.28.124,"{""Time Server:123""}",1,"[""2023-03-10 18:26:16"",""2023-03-10 18:26:42""]","{""src"": ""service_labels""}"
tags_by_services,78.108.102.237,"{""Time Server:123""}",1,"[""2023-03-10 18:26:22"",""2023-03-10 18:26:39""]","{""src"": ""service_labels""}"
tags_by_services,10.100.24.69,"{""SNMP Agent:161""}",1,"[""2023-03-10 18:26:22"",""2023-03-10 18:26:26""]","{""src"": ""service_labels""}"
tags_by_services,41.63.96.128,"{""WEB Server:80""}",1,"[""2023-03-10 18:26:21"",""2023-03-10 18:26:21""]","{""src"": ""service_labels""}"
tags_by_services,192.168.3.70,"{""WEB Server:443""}",1,"[""2023-03-10 18:26:18"",""2023-03-10 18:26:42""]","{""src"": ""service_labels""}"
tags_by_services,10.100.64.21,"{""WEB Server:443""}",1,"[""2023-03-10 18:26:21"",""2023-03-10 18:26:21""]","{""src"": ""service_labels""}"
ip_dependency_server,ff02::1:2,fe80::250:56ff:febf:5c1e,1,"[""2023-03-10 18:26:41"",""2023-03-10 18:26:41""]","{""src"": ""dependency_mapping"", ""port"": ""547"", ""num_packets"": 2}"
ip_dependency_client,fe80::250:56ff:febf:5c1e,ff02::1:2,1,"[""2023-03-10 18:26:41"",""2023-03-10 18:26:41""]","{""src"": ""dependency_mapping"", ""port"": ""547"", ""num_packets"": 2}"
ip_dependency_server,162.159.200.123,10.100.32.28,1,"[""2023-03-10 18:26:41"",""2023-03-10 18:26:41""]","{""src"": ""dependency_mapping"", ""port"": ""123"", ""num_packets"": 8}"
ip_dependency_client,10.100.32.28,162.159.200.123,1,"[""2023-03-10 18:26:41"",""2023-03-10 18:26:41""]","{""src"": ""dependency_mapping"", ""port"": ""123"", ""num_packets"": 8}"
ip_dependency_server,81.25.28.124,10.100.32.28,1,"[""2023-03-10 18:26:40"",""2023-03-10 18:26:40""]","{""src"": ""dependency_mapping"", ""port"": ""123"", ""num_packets"": 8}"
ip_dependency_client,10.100.32.28,81.25.28.124,1,"[""2023-03-10 18:26:40"",""2023-03-10 18:26:40""]","{""src"": ""dependency_mapping"", ""port"": ""123"", ""num_packets"": 8}"
ip_dependency_server,192.168.55.104,192.168.3.70,1,"[""2023-03-10 18:26:43"",""2023-03-10 18:26:43""]","{""src"": ""dependency_mapping"", ""port"": ""443"", ""num_packets"": 3}"
ip_dependency_client,192.168.3.70,192.168.55.104,1,"[""2023-03-10 18:26:43"",""2023-03-10 18:26:43""]","{""src"": ""dependency_mapping"", ""port"": ""443"", ""num_packets"": 3}"
in_flow_tags,2001:67c:e0::5,NETWORKSERVICE:ntp,1,"[""2023-03-10 18:26:40"",""2023-03-10 18:26:40""]","{""src"": ""flow_classifier""}"
in_flow_tags,2803:f800:50::6ca2:c0e1,NETWORKSERVICE:ntp,1,"[""2023-03-10 18:26:40"",""2023-03-10 18:26:40""]","{""src"": ""flow_classifier""}"
in_flow_tags,192.168.3.137,NETWORKSERVICE:ntp,1,"[""2023-03-10 18:26:11"",""2023-03-10 18:26:44""]","{""src"": ""flow_classifier""}"
in_flow_tags,10.100.30.242,NETWORKSERVICE:ntp,1,"[""2023-03-10 18:27:15"",""2023-03-10 18:27:15""]","{""src"": ""flow_classifier""}"
in_flow_tags,10.100.58.58,NETWORKSERVICE:ntp,1,"[""2023-03-10 18:27:15"",""2023-03-10 18:27:15""]","{""src"": ""flow_classifier""}"
tags_by_services,10.100.32.31,"{""End Device:666""}",1,"[""2023-03-10 18:27:02"",""2023-03-10 18:27:02""]","{""src"": ""service_labels""}"
tags_by_services,10.100.33.29,"{""End Device:666""}",1,"[""2023-03-10 18:27:02"",""2023-03-10 18:27:02""]","{""src"": ""service_labels""}"
hostml_label,3.33.244.138,web_server,0.50666666,"[""2023-03-10 08:22:35"",""2023-03-10 18:27:35""]","{""src"": ""host_classification""}"
hostml_label,3.33.244.138,SNMP_agent,0.55,"[""2023-03-10 08:22:35"",""2023-03-10 18:27:35""]","{""src"": ""host_classification""}"
hostml_label,3.33.244.138,Windows,0.54,"[""2023-03-10 08:22:35"",""2023-03-10 18:27:35""]","{""src"": ""host_classification""}"
in_flow_tags,10.100.56.31,NETWORKSERVICE:ntp,1,"[""2023-03-10 18:27:32"",""2023-03-10 18:27:32""]","{""src"": ""flow_classifier""}"
ip_dependency_server,10.100.51.26,10.100.51.20,1,"[""2023-03-10 18:26:43"",""2023-03-10 18:26:57""]","{""src"": ""dependency_mapping"", ""port"": ""2210"", ""num_packets"": 36}"
in_flow_tags,10.100.43.225,WEB:http,1,"[""2023-03-10 18:27:27"",""2023-03-10 18:27:40""]","{""src"": ""flow_classifier""}"
in_flow_tags,10.100.43.225,WEB:https,1,"[""2023-03-10 18:27:27"",""2023-03-10 18:27:40""]","{""src"": ""flow_classifier""}"
in_flow_tags,10.100.44.59,WEB:http,1,"[""2023-03-10 18:27:27"",""2023-03-10 18:27:41""]","{""src"": ""flow_classifier""}"
in_flow_tags,10.100.44.59,WEB:https,1,"[""2023-03-10 18:27:27"",""2023-03-10 18:27:41""]","{""src"": ""flow_classifier""}"
in_flow_tags,10.100.44.226,WEB:http,1,"[""2023-03-10 18:27:30"",""2023-03-10 18:27:37""]","{""src"": ""flow_classifier""}"
open_ports,10.100.56.51,{2210},1,"[""2023-03-10 18:27:19"",""2023-03-10 18:27:19""]","{""src"": ""service_labels""}"
in_flow_tags,10.100.44.226,WEB:https,1,"[""2023-03-10 18:27:30"",""2023-03-10 18:27:37""]","{""src"": ""flow_classifier""}"
open_ports,10.100.40.24,{2210},1,"[""2023-03-10 18:27:21"",""2023-03-10 18:27:44""]","{""src"": ""service_labels""}"
in_flow_tags,10.100.43.254,WEB:http,1,"[""2023-03-10 18:27:26"",""2023-03-10 18:27:43""]","{""src"": ""flow_classifier""}"
open_ports,162.159.200.1,{123},1,"[""2023-03-10 18:27:19"",""2023-03-10 18:27:35""]","{""src"": ""service_labels""}"
in_flow_tags,10.100.43.254,WEB:https,1,"[""2023-03-10 18:27:26"",""2023-03-10 18:27:43""]","{""src"": ""flow_classifier""}"
open_ports,192.168.55.99,{9080},1,"[""2023-03-10 18:27:24"",""2023-03-10 18:27:44""]","{""src"": ""service_labels""}"
open_ports,78.108.102.237,{123},1,"[""2023-03-10 18:27:20"",""2023-03-10 18:27:36""]","{""src"": ""service_labels""}"
in_flow_tags,10.100.45.110,WEB:http,1,"[""2023-03-10 18:27:27"",""2023-03-10 18:27:44""]","{""src"": ""flow_classifier""}"
in_flow_tags,10.100.45.110,WEB:https,1,"[""2023-03-10 18:27:27"",""2023-03-10 18:27:44""]","{""src"": ""flow_classifier""}"
tags_by_services,0.0.0.0,"{""DHCP Client:68""}",1,"[""2023-10-23 22:08:12"",""2023-10-23 22:08:12""]","{""src"": ""service_labels""}"
in_flow_tags,10.100.43.159,WEB:http,1,"[""2023-10-23 22:08:02"",""2023-10-23 22:08:10""]","{""src"": ""flow_classifier""}"
tags_by_services,255.255.255.255,"{""DHCP Server:67""}",1,"[""2023-10-23 22:08:12"",""2023-10-23 22:08:12""]","{""src"": ""service_labels""}"
in_flow_tags,10.100.43.159,WEB:https,1,"[""2023-10-23 22:08:02"",""2023-10-23 22:08:10""]","{""src"": ""flow_classifier""}"
tags_by_services,13.69.239.72,"{""WEB Server:443""}",1,"[""2023-10-23 22:08:10"",""2023-10-23 22:08:13""]","{""src"": ""service_labels""}"
in_flow_tags,10.100.44.199,WEB:https,1,"[""2023-10-23 22:08:03"",""2023-10-23 22:08:06""]","{""src"": ""flow_classifier""}"
tags_by_services,192.168.111.19,"{""WEB Server:443""}",1,"[""2023-10-23 22:08:12"",""2023-10-23 22:08:12""]","{""src"": ""service_labels""}"
in_flow_tags,10.100.44.199,WEB:http,1,"[""2023-10-23 22:08:03"",""2023-10-23 22:08:06""]","{""src"": ""flow_classifier""}"
tags_by_services,10.100.32.28,"{""WEB Server:443""}",1,"[""2023-10-23 22:08:07"",""2023-10-23 22:08:07""]","{""src"": ""service_labels""}"
tags_by_services,192.168.55.12,"{""WEB Server:443""}",1,"[""2023-10-23 22:08:13"",""2023-10-23 22:08:13""]","{""src"": ""service_labels""}"
in_flow_tags,10.100.45.153,WEB:http,1,"[""2023-10-23 22:08:03"",""2023-10-23 22:08:06""]","{""src"": ""flow_classifier""}"
tags_by_services,147.251.48.140,"{""Time Server:123""}",1,"[""2023-10-23 22:08:11"",""2023-10-23 22:08:12""]","{""src"": ""service_labels""}"
in_flow_tags,10.100.45.153,WEB:https,1,"[""2023-10-23 22:08:03"",""2023-10-23 22:08:06""]","{""src"": ""flow_classifier""}"
tags_by_services,142.251.36.109,"{""WEB Server:443""}",1,"[""2023-10-23 22:08:14"",""2023-10-23 22:08:14""]","{""src"": ""service_labels""}"
in_flow_tags,10.100.44.169,WEB:http,1,"[""2023-10-23 22:08:03"",""2023-10-23 22:08:11""]","{""src"": ""flow_classifier""}"
tags_by_services,192.168.55.106,"{""WEB Server:443""}",1,"[""2023-10-23 22:08:13"",""2023-10-23 22:08:13""]","{""src"": ""service_labels""}"
in_flow_tags,10.100.44.169,WEB:https,1,"[""2023-10-23 22:08:03"",""2023-10-23 22:08:11""]","{""src"": ""flow_classifier""}"
tags_by_services,20.31.196.184,"{""WEB Server:443""}",1,"[""2023-10-23 22:08:13"",""2023-10-23 22:08:13""]","{""src"": ""service_labels""}"
in_flow_tags,10.100.43.35,WEB:http,1,"[""2023-10-23 22:08:02"",""2023-10-23 22:08:13""]","{""src"": ""flow_classifier""}"
tags_by_services,fe80::78d6:1ca:d15e:d2b8,"{""DHCP Client:546""}",1,"[""2023-10-23 22:08:13"",""2023-10-23 22:08:13""]","{""src"": ""service_labels""}"
in_flow_tags,10.100.43.35,WEB:https,1,"[""2023-10-23 22:08:02"",""2023-10-23 22:08:13""]","{""src"": ""flow_classifier""}"
in_flow_tags,10.100.44.151,WEB:https,1,"[""2023-10-23 22:08:03"",""2023-10-23 22:08:05""]","{""src"": ""flow_classifier""}"
in_flow_tags,10.100.43.145,WEB:https,1,"[""2023-10-23 22:08:02"",""2023-10-23 22:08:05""]","{""src"": ""flow_classifier""}"
in_flow_tags,10.100.43.145,WEB:http,1,"[""2023-10-23 22:08:02"",""2023-10-23 22:08:05""]","{""src"": ""flow_classifier""}"
in_flow_tags,10.100.43.180,WEB:http,1,"[""2023-10-23 22:08:04"",""2023-10-23 22:08:07""]","{""src"": ""flow_classifier""}"
in_flow_tags,10.100.43.180,WEB:https,1,"[""2023-10-23 22:08:04"",""2023-10-23 22:08:07""]","{""src"": ""flow_classifier""}"
in_flow_tags,10.100.43.228,WEB:https,1,"[""2023-10-23 22:08:03"",""2023-10-23 22:08:06""]","{""src"": ""flow_classifier""}"
